pos_x_m,pos_y_m,elevation
0.0,0.0,1379.419677734
718.441399255651,403.7834615735337,1390.082763672
718.8971800237196,416.58146317861974,1389.90625
688.8100933612441,404.5571749955416,1389.500244141
792.0105136155616,400.7886687768623,1391.776000977
720.1865876049851,449.4688609233126,1389.792480469
723.7357420621556,466.56748446822166,1389.713745117
718.9845332061523,418.7458139285445,1389.92590332
732.1196264725295,522.0267639551312,1389.525512695
730.2441993327811,526.763812747784,1389.505493164
729.8955786769511,490.52519263792783,1389.635498047
725.1753732738434,529.7661208752543,1389.479003906
695.3886302332394,530.7522813435644,1389.225341797
572.4181973258965,-112.046520200558,1389.888061523
572.2155615714728,-116.6747429734096,1389.947998047
573.067618531466,-99.89440418127924,1389.790893555
792.8364555926528,55.79377914778888,1395.959472656
790.9225754684885,-10.953385565429926,1397.337036133
793.5751644442789,83.33455296698958,1395.43347168
576.0762180465972,-30.226480952464044,1389.40246582
-221.48195035365643,-419.77911687549204,1379.997070312
-242.21848406025674,-419.12165431678295,1379.852294922
-196.02270183584187,-420.5824837554246,1380.194091797
-655.1864797035814,-191.6002759700641,1376.40234375
-704.9410216847318,-190.2014400921762,1376.11340332
-560.9474778770236,-194.11209766287357,1376.785644531
-744.3110682509141,-840.2623602952808,1376.241088867
-743.8454063371173,-828.4194226488471,1376.324707031
-744.361099975009,-842.8156904252246,1376.241088867
-277.9653445244767,279.6971330847591,1376.786010742
-279.0482243912993,236.9145220508799,1377.045532227
-276.2117162080249,348.5999166527763,1376.307861328
-914.213654504274,375.27495139464736,1369.219604492
-912.0456606086809,441.71974724531174,1368.644042969
-918.0255748588243,257.6032502548769,1369.377685547
-622.6368087647716,233.81401871796697,1373.133911133
-657.6099481023848,235.23417999781668,1372.526245117
-507.847255859524,231.10123441182077,1374.650390625
-402.6367570448201,13.329927611164749,1376.967529297
-405.6298109664931,13.425812477245927,1376.907592773
-379.6069586035446,12.582936650142074,1377.153808594
-909.8889348009252,566.9693379327655,1368.847412109
-909.7646051914198,559.3288347590715,1368.704101562
-835.1640469220001,564.9901225566864,1369.403442383
-910.9478681323235,534.6016632923856,1369.066162109
-835.3593431134359,557.8191184774041,1369.293945312
-709.0552551724832,562.0849044006318,1370.406494141
-836.0696904142387,532.9540441986173,1369.567871094
-279.40885083557805,222.9719515601173,1377.067382812
-267.58828959742095,222.4235493633896,1377.100341797
-279.8074798876187,209.39617025200278,1377.046875
-294.5892390779918,223.51986194681376,1376.966308594
-157.54366006236523,217.5197739629075,1377.809936523
-81.57584535807837,215.55860884394497,1378.269287109
-389.97566287836526,638.0490459213033,1373.438842773
-265.68960327876266,631.7162220971659,1374.857910156
-489.8729381916346,639.9369393093511,1372.209838867
1004.2578822551877,46.925369987264276,1404.108276367
1005.0878589423373,71.05648991744965,1403.40637207
1002.0500755736139,-17.72042514011264,1408.051025391
1008.4545830076095,165.5263770604506,1401.952026367
784.4012308926322,-532.057110148482,1386.505126953
755.9480118729989,-545.8962176153436,1386.252685547
873.6864187080646,-490.48796811141074,1386.827758789
-272.27628100360744,526.0188992321491,1375.569091797
-273.4476123598288,475.8754622209817,1375.755371094
-270.4460245127557,575.5119011634961,1375.30456543
-273.9990364488913,439.82752335909754,1375.852661133
-490.9790915445192,335.8427313938737,1373.94152832
-490.81055527785793,342.01467423234135,1373.888793945
-492.1023255995242,295.0147466957569,1374.303100586
-142.8566705355188,4.954323572106659,1378.83203125
-187.47034468885977,6.332828836515546,1378.653198242
-88.0171853491338,3.1989734089002013,1379.138061523
-211.05815986730158,-204.5493441382423,1379.410888672
-245.25739909731783,-203.71617781277746,1379.265869141
-153.1861195648671,-205.93499495647848,1379.656494141
34.999810955428984,213.48116410337389,1378.672241211
29.112791289924644,213.5827812217176,1378.697631836
67.61287464672932,213.08663300890476,1378.979492188
-596.9414517295081,902.7089027315378,1370.408447266
-596.5679021305405,911.1217666845769,1370.346801758
-252.08972033316968,892.8286206629127,1373.622680664
-688.7697625069413,897.7362292623147,1369.55078125
-66.26054756616941,215.19859883654863,1378.366821289
-53.447059023194015,214.98509985487908,1378.337524414
-65.75519040063955,229.52838736958802,1378.300170898
-66.73501416313229,202.33418093342334,1378.366333008
-493.86237943021115,230.7644398715347,1374.822021484
-493.4829641090473,243.18563413899392,1374.682495117
-495.74984309793217,161.99622919596732,1375.312133789
-368.4875304813613,226.19590172171593,1376.091308594
-706.9706878645229,236.62923202011734,1371.739257812
-719.6741874366417,237.03158285841346,1371.583496094
-706.0966149639571,253.653555566445,1371.540527344
-707.3205618496868,223.01966683007777,1371.922485352
-693.3023605583585,236.2396379960701,1372.003417969
-918.5072551600751,243.3176648877561,1369.327514648
-922.5954841818893,117.86508919019252,1369.922119141
-931.7943617230048,243.5706907082349,1369.162597656
344.1441811118275,-649.9407972581685,1385.140625
344.526921574492,-636.1650073807687,1385.01171875
343.6030440226896,-664.6144416453317,1385.035766602
329.17675676883664,-649.5406572679058,1385.084228516
358.3465858354466,-650.322405802086,1385.243041992
350.025552625244,-438.2531632659957,1383.793457031
349.71230926923454,-450.8637575348839,1383.760498047
337.01227179565467,-437.9385481486097,1383.646728516
350.4784063982661,-424.96660276595503,1383.603881836
364.84198186179856,-438.74063786678016,1383.891113281
351.4385443837382,-342.02131931483746,1383.892333984
353.1970967784291,-288.319379449822,1384.104736328
350.71820703416597,-389.84841711446643,1383.723510742
355.2924646497704,-224.7274332465604,1384.563110352
343.65173094091006,-224.4260944230482,1384.145751953
355.7708020188729,-209.66454748995602,1384.639038086
354.9600282362662,-235.8832816183567,1384.424926758
369.4254568736069,-225.31933453213423,1384.835327148
363.16475569386967,-11.815315269865096,1383.811523438
363.7466241858783,3.63519857916981,1383.731933594
362.9782591946423,-23.361202754080296,1383.842163086
348.4575319826836,-11.306666760705411,1383.405151367
376.98239778820425,-12.293126098811626,1384.095336914
369.84884410060477,204.67260346654803,1383.144775391
354.8172196348896,205.1288678077981,1382.807983398
369.9140948262648,217.4410581877455,1383.054077148
369.5114146292326,188.697854205966,1383.129516602
381.65411857131403,204.25866559054703,1383.413330078
377.3294050061377,411.5261102905497,1383.069702148
366.26507795392536,411.98841515462846,1382.831176758
380.05123186367564,426.40076538641006,1383.084838867
389.96877350856084,411.40390965808183,1383.219604492
375.60876091505634,400.42808805871755,1383.072753906
387.5345736639574,631.8552695000544,1382.984741211
378.310638739611,631.6890741186216,1382.711547852
396.6172582306899,632.0339458007365,1383.044189453
393.7244426240213,820.5226543694735,1382.892456055
387.442522757221,621.4743313025683,1382.833251953
393.9869412709377,835.6320656426251,1383.110961914
394.5109912214102,846.8304942920804,1383.011962891
403.0824042891618,836.2991777965799,1383.250976562
373.3571246085339,834.9099508402869,1382.715332031
-537.1663475548266,560.9206458181143,1371.639648438
-548.2187251714058,555.7880442738533,1371.450683594
-697.6917870107573,559.9302465636283,1370.435302734
-685.2264522360056,558.1978288320825,1370.409179688
-694.456499420281,634.4924340844154,1370.959350586
-699.5812957527814,508.93888656888157,1370.305908203
683.2306478498504,-656.487451502122,1385.47668457
686.1247243814869,-645.2896354645491,1385.295532227
570.6174221993424,-656.0579805551097,1391.575195312
764.7440607585013,-661.357499461621,1384.763916016
732.2439393662498,-567.5089408960193,1385.817016602
705.1632414131891,-606.3772964058444,1385.34362793
743.6785392702441,-554.7054921193048,1385.972045898
950.1019086139859,-453.4689511079341,1387.205444336
938.001506529341,-462.035894642584,1387.145507812
965.7596213638317,-437.3412744551897,1387.521728516
978.9943827483803,-454.467598721385,1387.371948242
984.56281706359,-414.09303715545684,1387.885986328
979.8446078841807,-420.4212478399277,1387.739135742
501.4098303253995,-654.1913809608668,1390.727416992
424.32782494742423,-652.1037084991112,1387.228149414
543.0940403942368,-655.3151813019067,1392.07043457
869.6414316753508,-664.1082299873233,1385.392333984
869.2784386794083,-673.3317716857418,1385.418457031
773.5921924724244,-661.520264621824,1384.739501953
965.8154616356478,-666.6961013460532,1386.335205078
866.7909887020942,-769.586516157724,1385.451049805
972.9083670135587,-666.8862123563886,1386.478393555
973.0998576147831,-656.4507413981482,1386.527099609
972.8285917065805,-676.0791598064825,1386.40222168
984.1997822838603,-667.2608894947916,1386.45690918
976.4679302433506,-558.4167463332415,1386.682495117
977.8164840009995,-497.53796949703246,1386.931030273
970.0294753179769,-558.510496349074,1386.571533203
978.689197605534,-462.8811427503824,1387.260375977
958.246681811288,-498.34973245020956,1386.759033203
-94.00507787137758,-636.8407175866887,1381.759155273
-93.64190860511735,-623.4533663652837,1381.663452148
-105.93669573962688,-636.4470029463992,1381.541015625
-78.99728962918743,-637.3642751043662,1381.838134766
-94.3753727733856,-649.2508865101263,1381.717895508
-87.10986009211047,-424.0082528265193,1380.926757812
-86.65090341982432,-411.03266097139567,1380.885864258
-87.62876397103537,-438.0158918155357,1380.934204102
-99.15766001475276,-423.6245145229623,1380.838378906
-72.31139926268952,-424.6297012101859,1380.828369141
-78.6921310594771,-208.53678250033408,1380.152709961
-79.43177294096677,-223.00862776115537,1380.208618164
-94.05617950682063,-207.96532382257283,1380.029785156
-67.7521388650639,-209.05406243354082,1380.204101562
-78.33503961435053,-196.62613684125245,1379.923583984
-74.2658940742258,2.743143198080361,1379.153930664
-59.72459532471839,2.2796534495428205,1379.136474609
-73.70846671011532,16.439517105929554,1379.028930664
-74.38117092399625,-9.103237811475992,1379.087036133
-59.22288091859082,423.0999732874334,1377.787597656
-71.05316277907696,423.4704759400338,1377.713500977
-46.88514485274209,422.7467605918646,1377.680053711
-58.74477128178114,432.06700667273253,1377.715820312
-59.44893737137318,414.3969732085243,1377.694946289
-50.49599806277547,614.895900208503,1377.421875
-50.31206425128039,624.3987701758742,1377.343994141
-50.851306929893326,606.582780206576,1377.393188477
-41.65300545794889,614.3657244108617,1377.468505859
-59.46112387039466,615.6937612015754,1377.235961914
-45.1147120372043,773.1139084193856,1376.852905273
-38.835487752454355,785.1668210132048,1376.7890625
-48.18740455515217,759.8639263287187,1376.871826172
-8.211516598588787,825.0639086244628,1376.832275391
2.651519516017288,825.346906799823,1376.986328125
0.5075256576528773,840.0355769814923,1376.788574219
8.788395452313125,891.1980720506981,1376.762817383
2.7111242988030426,891.3459871504456,1376.588867188
9.106414588401094,864.0356313372031,1376.728149414
-187.01097564806696,20.185604456812143,1378.258178711
-273.55329300032463,9.159920332953334,1378.084960938
-179.81652444816427,81.68477273359895,1378.305664062
-178.0447333062766,127.80283607915044,1378.40234375
-182.0775147966342,66.43940125312656,1378.237915039
-156.76565632107668,624.2472248869017,1376.09765625
-156.35673299169866,634.636189205572,1376.002319336
-59.79351351549849,615.7192027755082,1377.235961914
-209.88351493910886,628.096099069342,1375.576416016
-149.40185137395747,746.7256716787815,1375.857788086
-142.81350380257936,757.198776518926,1375.791015625
-152.8023104116437,737.409591508098,1375.901000977
-75.63526782928966,859.2193720573559,1375.608886719
-73.23987090477021,868.6674093231559,1375.548217773
-75.22909111803165,893.2589936591685,1375.493530273
-72.76045263104606,878.6226537562907,1375.487304688
-67.92144440137781,893.0768299922347,1375.604736328
58.57310352404602,824.3481663689017,1377.944702148
52.43757116550114,824.4966039685532,1377.802978516
85.21673461288447,824.366963846609,1378.453491211
59.02448236773489,834.003890872933,1377.86328125
-254.46245654439554,830.3385892407969,1374.314086914
-260.7186671126401,799.3762284014374,1374.465576172
-247.1017735976493,859.4469834659249,1374.122802734
819.5737045869464,825.2566023431718,1389.950317383
819.3474861313589,808.6367640187964,1389.951660156
703.0276052908157,828.4870709534734,1387.934326172
834.8455921668792,824.8433921085671,1390.176147461
704.1733015379286,862.8526432672516,1387.974975586
663.1231076654512,829.5929897716269,1387.236083984
598.7601902651368,831.3456873875111,1386.354248047
608.7781261715572,831.0936769917607,1386.555175781
587.7797620975762,831.8179587284103,1386.213012695
597.9903472822625,815.3195735057816,1386.421508789
599.2905549347051,843.232483622618,1386.343017578
171.39369364769664,837.3878551432863,1379.597900391
154.51879154634662,837.9956912770867,1379.409667969
171.4990105018951,848.2461257940158,1379.620483398
170.9862640190404,825.3888471797109,1379.568725586
188.29741813824512,837.1795078953728,1379.653320312
1001.5781856029644,-31.384346320293844,1408.991455078
987.8429052886786,-30.986256720498204,1408.340087891
1001.1600001389743,-43.782979652285576,1409.619262695
790.3854559583124,-25.305093938484788,1397.807861328
789.8649798513507,-37.92481060139835,1398.502563477
775.6358668960747,-24.87464192789048,1397.092163086
801.9008103912929,-25.637818965129554,1398.335083008
576.5407220193301,-19.13852071110159,1389.415893555
589.2782832186786,-19.505577228963375,1389.725463867
561.5507380395429,-18.627584844827652,1389.051635742
577.1488644203055,-4.365569030866027,1389.116088867
143.8529628450633,-4.283816045150161,1380.357299805
126.82585081167053,-3.7299999753013253,1380.09753418
162.45112831820734,-4.919448969885707,1380.201416016
142.6739429862937,-32.375480006448925,1380.396850586
144.48514450492803,45.453986793756485,1380.23425293
450.35028011811664,201.96262587886304,1384.900512695
444.0319129237905,202.17910302244127,1384.748046875
480.121642912738,200.9645200977102,1385.55847168
-196.25148763612378,-433.81569805461913,1379.983154297
-182.59461102314526,-421.00204322114587,1380.305664062
-198.10741713707102,-501.35166722442955,1380.334716797
-954.2393727698945,-821.5975172007456,1374.436645508
-940.5862064911053,-822.0429067835212,1374.535766602
-967.8010528494488,-821.1530029857531,1374.245239258
-954.6193577162339,-835.6842160392553,1374.302734375
-953.6545306724147,-807.8237364087254,1374.316162109
-946.2623585551046,-608.7760332338512,1374.071411133
-945.8318276502541,-595.4670782089233,1374.066894531
-961.0042612132966,-608.286585685797,1373.989257812
-932.8177315212088,-609.2415700005367,1374.264038086
-946.7736456004786,-622.6837859302759,1373.908447266
921.3465677000931,-519.6922229835764,1386.489746094
912.2686223285855,-527.8994875680655,1386.403930664
907.6064004915534,-537.9145585950464,1386.340332031
907.3099604769959,-544.5405173096806,1386.356689453
908.9263117054943,-551.1848235782236,1386.501464844
914.6526961185737,-555.9587447531521,1386.445922852
922.0668763772119,-558.1950377169997,1386.393188477
992.6052320403978,-294.31867924984545,1413.156005859
993.0669098605285,-280.85452924575657,1413.709960938
985.6288428865955,-301.1027086041868,1412.778686523
994.2012236654991,-247.53261999133974,1414.601318359
993.1090526789194,-277.324012670666,1413.854614258
1005.9855006004218,-247.61220419220626,1414.771850586
980.0911960699596,-247.14203766919672,1414.441040039
994.7692484937143,-231.64891970343888,1414.567871094
1008.9230651918915,183.17650263104588,1401.887817383
1008.800257439143,197.26805989071727,1401.483642578
1008.5120966634713,168.05743102636188,1401.872070312
945.4977048538858,185.30559466965497,1399.844482422
-936.5726457296405,813.6434285417199,1368.536132812
-891.6159761949093,821.428339574486,1368.639770508
-927.8456399581628,778.5810747938231,1368.659912109
-946.0067464996246,862.1703396560624,1368.32043457
-515.8137232721783,640.4352522222325,1371.825195312
-735.4849697226891,-615.7237500036135,1376.129272461
-734.8927018426475,-601.1505719544366,1376.107910156
-748.5390613013878,-615.2957314038649,1375.90246582
-720.0029797040042,-616.2311032898724,1376.362670898
-735.9986024771933,-629.0652031600475,1376.014892578
-726.9082455148455,-403.8406914714724,1376.231445312
-726.1815793192363,-387.4367378484458,1376.186767578
-727.3054899176932,-415.495548132807,1376.250976562
-739.4548720967723,-403.4398716716096,1376.081787109
-712.440980097861,-404.30476236436516,1376.539306641
-718.2776293502538,-189.8262032903731,1375.851928711
-718.6467685804819,-203.7020563436672,1375.872680664
-717.5217289698776,-174.67723603453487,1375.635864258
-766.5095486330101,-188.36416645068675,1374.71105957
-710.7208004690474,23.277304155752063,1373.539428711
-725.5529889059253,23.756078854203224,1373.406738281
-698.9814495643368,22.895547590218484,1373.767578125
-711.0458702804754,10.50026878528297,1373.651489258
-710.4043245993089,37.71996212750673,1373.406982422
-700.9811331907986,443.45253263786435,1370.313842773
-700.7402316996013,453.5877477750182,1370.247924805
-701.1902789718588,435.70427834801376,1370.220703125
-712.886645899911,443.78042198251933,1370.134033203
-686.9565129830735,442.9706143857911,1370.371826172
-692.776841790881,643.791858188808,1371.002929688
-694.2764098969637,637.5885691056028,1370.959350586
-682.2508817058406,643.5885750288144,1370.911743164
-762.7447527646436,644.8678687131032,1370.567871094
-690.8559904195135,651.401167714037,1371.04296875
-686.925846686645,828.9202154809609,1369.961425781
-690.5703341017361,852.4068054240197,1369.758911133
-690.3004434185568,720.6821596454829,1370.693115234
-688.5170620225254,904.8400525040925,1369.484130859
-694.4797570718802,898.0254771476611,1369.484130859
-285.7582529427018,9.55662640556693,1377.968261719
-300.88974096032325,10.04854488465935,1377.932373047
-286.18549668899504,-3.5414175745099783,1377.971801758
-285.31684236990986,23.25412524305284,1377.857421875
-499.7362411018112,16.456219701096416,1376.151611328
-514.0529744112282,16.91840544808656,1376.092651367
-487.8139268148225,16.073018628172576,1376.135986328
-499.3467618760187,30.753816193901002,1376.086914062
-500.09876284061465,3.213199562393129,1376.048828125
-925.4049862443353,30.207677719183266,1370.404174805
-939.4971558625111,30.668503595516086,1370.195068359
-912.5349153176649,29.792225764133036,1370.400146484
-924.8583005216788,45.18104088678956,1370.285888672
-925.7477273987024,17.36419598571956,1370.466308594
-818.9957958883024,735.9486562907696,1369.666625977
-815.1120234787813,741.8952931789681,1369.637451172
-826.8419477329589,732.9723549159244,1369.626220703
-820.9783517459873,826.8955681817606,1369.081420898
-815.0340958163724,815.755695046857,1369.171142578
-665.0189524135203,-830.9364792862907,1377.078369141
-664.7881124885171,-817.5811499273404,1377.025878906
-539.745933672064,-835.062459776178,1378.192871094
-724.2135114572011,-829.034155132249,1376.580078125
-658.8399131270126,-618.2304699160159,1376.751098633
-659.2268022539793,-631.3844080790877,1376.50012207
-533.2216480167699,-622.3931175041944,1377.600341797
775.1545191760524,-443.5730729782954,1410.371459961
759.740184834227,-449.90937030129135,1409.931518555
780.8904450192931,-430.89245245512575,1410.580078125
805.4296483288053,-428.77428905200213,1410.778930664
563.1863035912393,-445.0636420706287,1392.311279297
550.1172571607749,-444.49349584802985,1391.723999023
576.722245296929,-445.51612577959895,1392.822265625
563.1396410363959,-432.64944044686854,1392.047363281
558.7000093499664,-559.2868556166068,1393.414672852
233.57071125565562,-435.4938346799463,1383.139648438
192.82614100782666,-434.5216565011069,1382.931274414
264.5865427101962,-436.22724472451955,1383.241455078
127.96736617316492,-432.982238962315,1382.899047852
150.33535666088574,-433.5101040704176,1382.786376953
128.4521062183194,-417.308729570359,1382.831054688
113.50142637942918,-432.3755354527384,1382.593139648
127.79730347997975,-442.79612677451223,1382.9140625
812.8857677959604,613.8760236129165,1390.75402832
799.3080252115615,615.8274849681184,1390.440429688
825.5499190455885,612.0444005466998,1390.992431641
812.6065945088048,602.1311556408182,1390.659667969
593.2996335231,624.6057288302109,1386.385498047
581.4410172719508,625.4528855606914,1386.070922852
602.4076582118869,623.9627592321485,1386.522583008
592.9162094807252,614.160981993191,1386.389648438
593.3992401360301,634.0760990828276,1386.340087891
164.6389702972956,638.2442413242534,1379.587036133
182.91992152342573,637.6561156483367,1379.595703125
165.49628103041323,666.6166444085538,1379.58203125
163.6809588583419,603.7769580865279,1379.679077148
335.85059752792586,-864.2032611342147,1381.069702148
330.47911400464363,-1000.7691904325038,1379.99621582
336.048627598444,-857.4875377174467,1381.528930664
350.71797372447327,-863.814058967866,1381.036621094
337.14003654167755,-811.7182168252766,1385.349365234
323.9100545424153,-811.379290048033,1385.318603516
337.00128964323085,-820.0445266952738,1384.861328125
337.97728610323975,-803.4097655853257,1385.518920898
202.29509475815576,-808.3253934942186,1384.574951172
180.91389459429774,-804.5539440130815,1384.4921875
321.04118958243635,-811.307125187479,1385.278564453
118.21003289701184,-787.1684355987236,1383.905517578
137.60796545934863,-790.4544901344925,1383.866943359
118.53096554649528,-776.3789048101753,1384.104492188
117.97608337644488,-799.2801317423582,1383.485595703
103.2902429116657,-785.2582096392289,1383.697509766
966.3302498963312,-875.9578830664977,1384.970581055
966.7570830844925,-866.1353639643639,1385.040893555
966.0588287963765,-883.4501535426825,1384.880981445
959.4293827324873,-875.66967892088,1384.838134766
977.5143013974885,-876.2871206058189,1385.032104492
756.9201447727974,-867.0083564100787,1384.018188477
757.5108202811098,-858.3421844877303,1384.056762695
756.4912092119921,-877.0196088487282,1383.985107422
748.3718060595565,-866.7818370983005,1383.875610352
765.7570127706858,-867.5041230432689,1384.076538086
546.4612975197379,-859.030796604231,1382.093139648
546.9060571960872,-849.9968131454661,1382.398071289
546.1124529514927,-869.3315068576485,1381.955688477
562.1425919425092,-859.6261137956753,1382.076171875
536.8969222962041,-858.9385740216821,1381.967529297
-939.3701237187488,-397.13187636621296,1373.760253906
-938.7955120760016,-380.171256207861,1373.611572266
-939.7216484614182,-408.33193234261125,1373.697509766
-952.7815240808995,-396.7110600117594,1373.667602539
-925.3600557192112,-397.569667249918,1373.879516602
-932.4069818313583,-183.33425206225365,1371.82421875
-931.8516353861778,-168.32766841258854,1371.654296875
-932.7315746378736,-195.17858524713665,1371.948486328
-883.8091977585573,-184.80100948363543,1372.582641602
-975.0485775914858,-181.73711152095348,1370.663452148
-911.8803782683099,449.21304970793426,1368.733886719
783.5201385201653,-174.57053372170776,1409.473266602
769.3762460834114,-174.25693196523935,1409.343261719
782.8664103188785,-196.72690044809133,1409.697875977
785.5891730037401,-126.30115595273674,1407.508544922
569.8984081355156,-169.8272562213242,1390.35949707
584.2834570159903,-170.14357684087008,1390.76159668
568.8302576231654,-194.35577999427915,1390.507324219
-589.5622047678335,641.835292247124,1371.117797852
-916.3355196047924,648.6887375181541,1369.526245117
-916.1851173130563,658.0475944979116,1369.350708008
-952.8584666721872,649.5926821958274,1369.202148438
-762.4377434789203,653.2591719729826,1370.668334961
-266.770119025663,625.8085585720837,1374.891113281
-264.4089516631793,641.9412259245291,1374.790649414
-255.75001979165245,631.0751464432105,1374.958251953
45.13155082752928,609.1804875843227,1378.094848633
39.239628315670416,429.01570165436715,1378.181396484
112.13528720795875,605.9870647806674,1378.673339844
-39.15122708596755,614.2303510382771,1377.49621582
780.9530514823855,-240.045594220981,1409.947875977
781.4335870221257,-224.66071852482855,1409.854614258
781.2605544813559,-251.31863330025226,1410.010009766
767.749712274468,-239.64109966531396,1409.557739258
794.2216404659557,-240.58393373712897,1410.030395508
567.1216352269985,-233.55700590275228,1390.788818359
582.6613619428244,-234.02880471479148,1391.389282227
567.8678478191723,-216.54247559048235,1390.650024414
566.7771782997297,-244.26859938539565,1390.727050781
555.1418517801212,-233.05287910625339,1390.432983398
242.1286162167671,-220.86742936447263,1381.489868164
241.64767463481985,-233.59854193404317,1381.447631836
200.34661531139864,-219.79638990201056,1381.284179688
136.5520491641946,-216.77944525890052,1381.344116211
136.0153994707507,-229.23242566920817,1381.373168945
120.59072446986102,-216.04720412939787,1381.104370117
137.0205075443373,-202.78240918554366,1381.335449219
156.36168864840874,-217.75994055252522,1381.224121094
-726.4087188307894,-828.9681852944195,1376.580078125
-754.7879563149763,-828.0676583964378,1376.197021484
-743.1747477127938,-814.3355766264722,1376.350952148
804.4054387928918,400.3253401396796,1392.032592773
804.6291957082576,413.22550531663,1391.818725586
818.3016091181198,399.44788218010217,1392.437255859
804.23146748828,387.4135932661593,1392.031738281
796.2749399562599,190.32449913956225,1393.401489258
795.9333481025533,174.68289690371603,1393.408081055
797.0540512592997,204.7627151031047,1393.264160156
733.2653397989343,192.440375469625,1391.383056641
870.3501065985765,187.8364602131769,1396.771972656
732.9124067657394,868.9384271800518,1388.194458008
695.6670657967334,861.1912615830079,1387.99621582
114.91893364640418,-907.7764953635633,1379.464111328
115.39762356318533,-891.0147916683927,1379.671508789
113.95758837083122,-942.56566664204,1379.172241211
122.75996297853999,-643.9657469401136,1383.695068359
106.37991581391543,-643.4292969936505,1383.473144531
122.26262488309294,-657.5072478745133,1383.765014648
142.9658652151702,-644.5170589275658,1383.582397461
123.2169247676502,-631.1566880550236,1383.684692383
131.32979424775112,-333.29387366678566,1382.184204102
152.45512255612994,-334.1427900856361,1381.905883789
149.02927835355513,212.11873875092715,1380.053100586
148.61589161289157,195.2231303192675,1380.092895508
149.75816390960244,227.24582103826106,1380.036621094
133.47941264510155,212.3029066985473,1379.822143555
171.37463707168354,211.18028271291405,1380.10925293
740.1952635841444,875.6859446503222,1388.323974609
742.7677239113837,886.365022694692,1388.392822266
739.8366261578631,908.422667211853,1388.512329102
741.2793778898194,915.7704435521737,1388.629272461
745.1556548023364,921.0850679511204,1388.672729492
-517.3072850233875,-622.915369734168,1377.826904297
-517.9699924462475,-636.2331627001986,1377.783447266
-516.932506923913,-609.2727539017797,1377.638305664
-505.96606637432706,-623.2928877035156,1377.973022461
-511.47793597902637,-410.64998184423894,1377.865356445
-511.00103474612115,-395.92021137755364,1377.703735352
-511.763563200715,-423.68277827836573,1377.885375977
-527.0844483428518,-410.1640575043857,1377.8125
-500.21989118348574,-410.9933731900528,1377.966674805
-505.5862800326431,-196.2532481830567,1377.23425293
-505.21467287640553,-182.93259603343904,1376.998168945
-505.8259708795813,-210.54120262805372,1377.089477539
-447.9821024433477,-198.66019095666707,1377.423217773
-488.2686126710032,436.0149467587471,1373.331420898
-488.4356250840938,428.29958968702704,1373.295043945
-497.8352412255481,436.5527555299923,1373.169921875
-289.5598851093091,430.3193040881306,1375.679077148
-293.0432947780355,-202.56148191913962,1379.100952148
-293.39316309045535,-217.10374063067138,1378.973876953
-292.5724272233783,-190.1078747473657,1378.84362793
-342.4872302603908,-201.7122749798,1378.630249023
554.9931845114916,-655.6297751264647,1391.981689453
554.4903395513538,-667.2392205866054,1391.548461914
555.4787854853785,-643.2207089476287,1392.432739258
237.4891421906068,-337.49857714399695,1382.306762695
244.97161331941606,-337.79312228411436,1382.359741211
237.28105372283608,-343.5257877642289,1382.328979492
38.91930987528758,420.0138205708936,1378.262451172
140.41189630306326,416.81878323759884,1379.287109375
655.5101060374291,405.1997873913497,1388.624755859
601.8755569235072,413.4445720613003,1387.336181641
600.0260002589785,415.68310762010515,1387.276245117
157.93492196203442,418.6252260552719,1379.603393555
156.98156065063085,406.9313175799325,1379.61328125
158.4685283958679,429.9123744657263,1379.609130859
174.82274000498,420.10476456582546,1379.597412109
-935.0982973322389,876.3420812524855,1368.54699707
-913.2680272473954,734.6892530331388,1368.889282227
-865.1667387587368,733.2606835728511,1369.260620117
-313.80188155168435,-842.3237794628367,1379.915161133
-313.435051493987,-828.6033635670319,1379.920898438
-311.62395303091034,-842.4560753079131,1379.91003418
-325.43605790648144,-842.0991633757949,1379.831420898
-307.1945630440023,-629.8328488329425,1379.522216797
-307.6280243806541,-643.5637220675126,1379.526123047
-319.98255766532384,-629.4082102254033,1379.396728516
-293.7662980155437,-630.2748170075938,1379.675415039
-306.7136672420893,-615.5028460500762,1379.447875977
-916.9014940139605,888.3767628306523,1368.40222168
-933.5220991160604,924.9048408586532,1368.393798828
-886.4402774128248,900.3018118413165,1368.533813477
-935.4411665613297,970.6595224132761,1368.250854492
-935.6331779660541,947.7990804426372,1368.368774414
-828.0640854216763,951.0591764599085,1368.830078125
-827.3935827327659,902.5742343589664,1368.767822266
-749.5511938079726,900.8649595919997,1369.130004883
-861.0465120794834,903.4606053661555,1368.59777832
578.6437490667449,-611.1771450573578,1394.416137695
606.0142386383377,-599.2825208911672,1396.205566406
725.8232348393067,-487.9237279808149,1406.839477539
741.7035282622091,-479.84872820694,1408.007324219
855.3006962975487,-416.47305727750063,1411.265380859
867.3556180323358,-411.78094610385597,1411.325439453
827.9875222750125,-421.65153099317104,1410.994628906
2.3456008672364987,793.0273719318211,1376.96862793
-0.12049177044536918,701.8910002019256,1377.397583008
2.5589128046412952,812.4010375794023,1376.905517578
764.3420172812184,-670.3030753610656,1384.703369141
-241.98073640582152,892.5412175683305,1373.952026367
-243.41380259033758,875.2113997926936,1374.053588867
-241.42729764606338,931.3650576574728,1373.870239258
-300.18781720555853,-417.3013330223039,1379.498657227
-313.6656887262361,-416.8699631206691,1379.385986328
-286.96753467345843,-417.70795647706836,1379.586547852
-300.5669237183174,-430.5774952257052,1379.532104492
-299.6524065306876,-403.34937883447856,1379.368408203
-274.14602202927927,429.8801515735686,1375.98828125
-261.00225169060286,429.4631843920797,1375.922363281
-274.37949197989656,420.4443886531517,1375.977661133
-527.8804183684988,-835.4451395906508,1378.358520508
-528.3706728719408,-848.9866878241301,1378.354248047
-527.188386965543,-821.6834955196828,1378.288452148
-511.24212514213286,-835.9855598015711,1378.426635742
-100.1103712086915,-840.2760929157957,1381.792358398
-99.79170271905605,-829.7530287522823,1381.732177734
-100.44427217135672,-851.5096358517185,1381.643920898
-87.24356409045868,-831.7849466931075,1381.8671875
-112.67078257381218,-848.903441555798,1381.623291016
68.69196344004013,-785.8328832574189,1383.381591797
7.388716893095989,-803.2474058996886,1382.771850586
-214.73493026336655,-632.877790316008,1380.491333008
-258.470370373223,-631.4408711092547,1380.082641602
-157.86217503168155,-634.742216761224,1381.097167969
-214.18359155330108,-618.9815109251067,1380.334106445
583.8016235558898,197.46603339537978,1388.054199219
568.6551671628258,198.08950818888843,1387.687988281
583.4746677367366,180.80276384297758,1388.006225586
584.0460430718958,210.74351759813726,1387.764648438
596.2719501953688,197.02383207716048,1388.387695312
585.3024221126107,290.1772796912119,1387.395629883
585.9964789410005,333.707598047331,1387.208618164
595.374837160809,730.3248645067215,1386.354736328
605.7074934890261,729.9254729291424,1386.461425781
596.4509917878313,766.9118070751429,1386.334716797
-210.97736690938473,-537.5126478839666,1380.199951172
722.62560852163,725.435173176229,1388.340820312
-102.36688417359255,-915.7360607488081,1378.392456055
-104.05401673715096,-972.0035273069516,1377.146728516
651.4109426349751,-591.4253974100575,1398.723999023
661.0575152367237,-585.5334640713409,1399.286865234
665.9573197516147,-576.7977389600128,1399.637329102
682.0076531714294,-540.7103010695428,1402.130004883
693.8016013705055,-517.36203627754,1403.83581543
928.9873450171435,-356.0551616847515,1411.960205078
968.5622999066254,-317.605545620434,1412.368896484
912.6624329284532,-375.8516247291118,1411.810424805
710.205128425383,-499.8652433939278,1405.484619141
556.7015054766089,-615.6069107381627,1393.50793457
571.8601575907087,-612.5552213909104,1393.929931641
701.4523671532515,-611.7045995136723,1385.326049805
694.3077355552232,-621.2182032382116,1385.33581543
728.1498956276337,478.49463958572596,1389.618041992
265.39106762607116,836.2324930159375,1380.703125
240.23919480486074,836.5427816789597,1380.328979492
301.7678164683166,835.7914088936523,1381.323730469
518.5048317908659,-699.6031951950863,1385.354125977
499.86577727575786,-704.7419700557366,1385.732910156
476.25588455831166,-700.9498943686485,1386.427612305
451.65089271828765,-695.1272891219705,1386.638305664
438.68132192309713,-684.2094158437103,1386.76171875
451.37142962560756,-703.3967234846205,1386.44140625
428.34139703726396,-664.5451247124001,1387.209228516
378.0785702219,-650.8573678601533,1385.618408203
412.03898419451434,-765.3076739469543,1386.314941406
375.20279371732613,-783.1615134309977,1386.229248047
429.6642520572059,-758.3716631922871,1386.060668945
449.31302187702386,-751.1886631976813,1385.896484375
888.5959518515738,-400.6702915271744,1411.506835938
149.61994350049645,-792.8805204685777,1384.075317383
10.402515934896655,825.4269999368116,1377.077758789
2.6619062080280855,819.5729462606832,1376.786376953
3.164383872062899,844.7398680914193,1376.794311523
8.155969116080087,854.3736564610153,1376.76574707
-231.44068670511479,869.9536246154457,1374.020874023
-194.77138627745444,858.5923356143758,1374.213867188
-186.22056852688547,858.8309702351689,1374.208496094
-172.46596445969772,863.149422839284,1374.33581543
-160.70330434897915,871.2736358176917,1374.433349609
-153.9781731053954,890.6726776007563,1374.597290039
-156.45535315899178,878.8159844428301,1374.512084961
-751.1696528534521,817.4150867303833,1369.9921875
-757.7738885740982,804.5665079243481,1369.969482422
863.249757517362,-243.40096968971193,1410.598754883
880.0688097946113,-244.0287483613938,1410.713745117
781.9151359703974,-257.63172962889075,1409.977783203
794.5670201737084,-287.7328408798203,1410.097900391
979.6268609225517,-429.257563973777,1387.538818359
991.6993524176069,-454.8447130145505,1387.442260742
687.0196142398636,-639.5910339076072,1385.295532227
691.0833573659183,-626.9832196366042,1385.3046875
750.2309229134698,-549.6830752687529,1386.130004883
925.2922520693392,-469.04248635750264,1387.107543945
-149.51526497950545,-847.7785673253238,1381.301269531
-85.19168358464958,-831.1942164478824,1381.887207031
431.0549299918348,-672.9433988872916,1387.026611328
-689.198844862578,699.9076152062044,1370.847167969
-689.5525616179802,659.6494452105835,1371.118286133
686.2013963765348,-237.16900622285903,1401.560546875
584.5736418068409,-234.09165007900447,1391.50378418
897.3910677956301,-28.386780795641243,1403.371704102
805.5258923122892,-25.739270783029497,1398.53515625
929.4036210264312,-245.86777313239872,1412.337890625
243.76286191900726,-647.2372000943869,1384.431396484
172.32695198903093,-645.3014211254194,1383.731933594
294.18881108623464,-436.9246326284483,1383.387939453
673.4489841166069,943.360505996272,1387.217041016
667.84988104488,937.0298795364797,1387.215576172
665.6707599881338,929.2117548296228,1387.162231445
664.5170622590231,915.6210100473836,1387.161621094
614.5975813932018,830.9376590233296,1386.635253906
758.8241490528453,925.172949728556,1388.79699707
579.6762196787749,419.9764780951664,1386.974365234
575.1868583972682,416.6664889762178,1386.823974609
572.801450012601,396.1035077329725,1386.755126953
576.0836450458737,392.374380460009,1386.836914062
596.4710321105085,391.11190783046186,1387.115356445
600.5248194393935,394.95907861646265,1387.203735352
602.0759615472634,397.99760479759425,1387.303710938
571.9679971191217,412.3005187427625,1386.723999023
570.46259989799,407.1074691247195,1386.665893555
570.6262373509235,401.65404854156077,1386.655151367
580.7212867320632,389.4982640836388,1386.996948242
585.9985341754509,388.2704137843102,1387.084472656
581.2542168089421,378.35626696050167,1387.000488281
591.5427963910624,388.8609755644575,1387.135375977
603.0253680464812,399.86495442688465,1387.383789062
603.8185093175853,405.364670467563,1387.448486328
602.7903691199026,410.8597321268171,1387.396240234
595.702885655337,419.2668073112145,1387.171020508
590.5416789896553,421.3151950445026,1387.112060547
592.184321356588,433.84637168981135,1386.994018555
584.9721005038009,421.5465412484482,1387.052124023
976.4652565797442,-247.11839320883155,1414.341064453
972.1304112061043,-731.5789470784366,1385.751586914
972.6079524805536,-694.7642638646066,1386.290649414
-313.16949532477884,-820.145045070909,1379.879272461
-310.0212288078619,-716.6128882067278,1379.74206543
-169.956708717742,-850.8550092028454,1381.088623047
-393.1109838808188,-839.816981353797,1379.294311523
-366.76909489615355,-840.6739625958726,1379.507324219
-406.16549106757157,-839.3895924892277,1379.188354492
-350.38849923736416,-841.2003874368966,1379.600219727
-105.38348755857442,-1016.3048462485895,1376.683105469
763.0200879307813,-466.9070897279307,1409.404418945
767.0623178791138,-462.57115503866225,1409.704467773
617.4770169977564,-446.2974549671635,1396.634521484
669.3831867614063,-447.2747290888801,1401.763061523
352.68487784452736,-795.446405668743,1385.822631836
341.82689235103317,-714.1079395571724,1385.258789062
359.1498132842826,-106.21216873917729,1384.171875
359.73878676234744,-88.307841851376,1384.027832031
358.47583470022073,-127.74653303436935,1384.247558594
431.33866232424043,-14.15085573028773,1385.42590332
464.7437793670106,-15.30624683946371,1386.487304688
382.6459150851588,478.873294073157,1383.013671875
374.63280182809103,380.3400890417397,1383.089477539
492.41396494815126,410.3920602872968,1384.961425781
466.8858747186023,410.64963338244706,1384.421875
516.0462569686933,410.163975559175,1385.408081055
424.1448531477945,411.06249487865716,1383.703857422
550.3215759340092,404.5924337366596,1386.15234375
350.5014898610534,-422.57956443727016,1383.623901367
347.09264499129495,-542.8645711624995,1384.407714844
347.7964470294537,-519.1098009729758,1384.158813477
346.6241987274843,-561.2030890798196,1384.528808594
345.71072681527585,-592.0176811367273,1384.657348633
348.52714639029,-491.71332859247923,1383.925537109
349.6796702503925,-454.2389185586944,1383.758666992
223.2242862432613,-646.6829501511529,1384.243041992
187.47722358070314,-645.7147651612759,1383.874145508
115.81152385589667,-874.9297750340775,1380.126708984
116.27976373408455,-859.2450127089396,1380.634399414
116.60310771880904,-845.6352067207918,1381.236816406
117.71419953781879,-804.8404661975801,1383.225585938
113.03877051768359,-976.4003441836685,1378.968383789
-812.7850791475503,-826.1985710505396,1375.732666016
-757.5153314043419,-827.9853476714343,1376.177001953
-840.9312127902522,-825.2777868881822,1375.609130859
-739.9080395019846,-728.1706238444895,1376.121826172
-736.001618048409,-633.6065358705819,1376.022827148
-591.2651427852106,19.418182789348066,1375.571899414
-714.9735382654471,-118.4515066863969,1374.917236328
-713.2060710893129,-59.575452368706465,1374.274291992
-717.3447327602771,-170.20423028059304,1375.580200195
-502.5728395022452,-86.39065828826278,1376.381103516
-500.58047648647334,-16.257760796695948,1376.084106445
-503.20761382061755,-109.60202277172357,1376.480957031
-359.48413915757556,-201.4240925880149,1378.455810547
-398.5594836428063,-199.98737241793424,1377.975219727
-153.54544872802217,714.9098768979311,1376.00402832
-48.504408912267536,740.9576198821887,1376.995605469
-155.34445910720387,664.2728794626892,1376.086303711
-48.93320934288204,713.1251266626641,1377.131103516
-49.75710672209971,660.9241312686354,1377.288085938
342.4048521526274,-697.3471873579547,1385.146728516
-96.37030791083816,-715.7861664630473,1381.819335938
-95.80459941393929,-696.9711508685723,1381.806396484
-96.94768401811598,-734.9452780680731,1381.823852539
-147.38564116734779,-635.0885361256078,1381.18737793
-6.534206132229883,-639.7233798494563,1382.604980469
-31.219609814870637,-638.8060896480456,1382.356323242
11.924548584385775,-640.3247017180547,1382.712646484
-98.86972639948362,-799.1162023190409,1381.70690918
-98.46215633506654,-785.4405942279845,1381.760742188
19.80706872139126,-640.5678448257968,1382.760864258
-95.41907049692236,-683.8505037482828,1381.768432617
-35.27461895433953,-816.3346294686198,1382.343383789
-68.40390195860527,-424.7898568632081,1380.828369141
-22.686530199076515,-426.70015764888376,1381.309692383
27.53978251107037,-640.8206274583936,1382.834716797
-82.63634107325925,-297.6266751186922,1380.431884766
-81.30961360392394,-258.7216102620587,1380.305541992
39.748746445635334,-213.66341838985682,1380.852905273
-19.46970900928136,-211.32243630010635,1380.511962891
78.04539728962118,-214.7903863331303,1381.008544922
119.54906960320659,-744.3106436161324,1384.077636719
-92.4817416119622,-576.0302741406485,1381.44152832
-92.1952816285193,-568.8157514967024,1381.450805664
-92.57281888247235,-583.6797367390245,1381.451904297
67.16869850660441,-430.44902731943876,1382.091796875
59.76951285713585,-430.1329000303522,1382.032836914
74.06911880214466,-430.73809738177806,1382.169799805
-91.76829651882872,-559.1265036296099,1381.423706055
-91.70119666552637,-551.3768754126504,1381.379760742
-89.282479550282,-482.31409190874547,1381.073120117
-90.72104071482318,-521.595575758256,1381.23059082
121.86592415632913,-670.1059234933928,1383.865600586
255.35286703851307,208.5343262795359,1380.900512695
224.1682155665476,209.58037345763296,1380.561767578
269.594176901679,208.05219513271004,1381.045898438
210.1599578243913,418.58519294671714,1379.950561523
160.4199983770377,503.35462784115225,1379.655395508
155.48486798629165,371.8030580878258,1379.68359375
150.41168517107144,245.7491172272712,1379.94128418
99.7187942963792,212.70827713329345,1379.323608398
207.3746630458627,210.15395303443074,1380.406616211
342.6548053823062,205.59071895573288,1382.579589844
370.9853669005679,249.9641101527959,1382.992675781
424.73587265075184,202.83186206128448,1384.317382812
368.7162971154321,161.51294345688075,1383.100952148
526.2545056454837,199.4311484573409,1386.668212891
628.4877053939854,195.95837172027677,1389.106445312
581.6123198822606,98.89876620005816,1388.373901367
614.5771797212074,410.29089944344014,1387.585693359
592.4011464584619,378.69295514468104,1387.05078125
557.2539965470205,403.39301220700145,1386.244262695
582.7029013654683,433.7379072159529,1386.927124023
804.7585328870919,416.2999435234815,1391.798828125
1002.9165192199871,392.1359160300344,1398.954345703
804.1618313889485,384.4940310791135,1392.014526367
77.44873726333026,-2.1403740253299475,1379.899780273
194.99997536058072,-6.0344859808683395,1380.264404297
137.58228876348585,-185.1665196660906,1381.263183594
175.5152208741638,-218.64519130345434,1381.208618164
140.87163445807528,-75.85062433872372,1380.620361328
141.45467597263632,-62.043457184918225,1380.549926758
139.51379754557274,-125.80344971921295,1380.862426758
-143.39094436727464,-206.1525458758697,1379.724731445
679.2262903652154,194.25948119722307,1390.213134766
654.5428742585354,195.0856212778017,1389.667358398
691.1148518616101,193.85635624453425,1390.481201172
372.06747002725024,302.5289742304012,1383.043701172
373.0960570257739,350.4197633052245,1383.116821289
371.81883917795494,287.9968259520829,1383.026245117
153.42527983809123,321.51279481872916,1379.797363281
154.1378834284842,339.24937483575195,1379.77355957
151.37595087854424,270.5673259329051,1379.893676758
228.1154511537752,417.82269276399165,1380.209350586
216.81010035565123,418.29866816755384,1380.082641602
272.67185087909456,415.9476168723777,1380.927246094
301.9011226831353,206.96217264514416,1381.635864258
309.80744382727426,206.696890886873,1381.798706055
150.75161847937852,255.07281088922173,1379.949584961
217.9330136863282,209.79624460451305,1380.482055664
278.4159442135133,415.7032341528684,1381.047241211
429.881577385182,-227.83560335449874,1386.924682617
446.8245683833957,-228.54332350287586,1387.419677734
493.7960558468476,-230.5068767881021,1388.829711914
552.5646038139239,-232.9503032034263,1390.432983398
146.43400591844693,116.04260726366192,1380.164794922
145.7939877997269,92.93120713252574,1380.212646484
-31.207472365756985,1.358261893503368,1379.301147461
-364.11854079843033,-415.2779538985342,1378.970581055
-409.9152024091454,-413.83104396704584,1378.643676758
-315.90235233755084,-416.8037116518244,1379.365966797
166.70643583789933,697.0730971712619,1379.618041992
167.47191193781327,722.8370549380779,1379.583374023
167.89888541854452,735.1356677822769,1379.575561523
168.5813074738253,753.1945555638522,1379.571166992
169.34033906110562,777.4373890403658,1379.594482422
169.52431415580213,782.6875930521637,1379.590820312
111.68605383660179,831.2717675697058,1378.816772461
100.79091171745677,827.6800511935726,1378.623291016
125.66327814024407,836.2659469861537,1379.086181641
542.5804801967461,-955.2831646325067,1381.500366211
586.1416568623972,344.45443278644234,1387.136474609
586.0654078007792,349.48507500067353,1387.119262695
-505.1589075673255,-180.63470188714564,1376.994873047
-302.3317079534754,-481.8587326463312,1379.61706543
171.5868051944999,852.1537311850116,1379.597167969
151.55934000719571,838.0910246735439,1379.449707031
-105.7999272600864,-1030.035880876705,1376.582397461
-300.3025644419831,-845.7533013494685,1380.036254883
-225.5248771222541,-848.0927526690066,1380.630493164
-844.9892614274868,-185.98248697724193,1373.141479492
138.61493212392088,-150.73331309948117,1381.053100586
138.54614894860424,-155.25179236661643,1381.093139648
142.41264892695472,-38.73528291936964,1380.409301758
321.9454456123058,206.29073783382773,1382.051147461
432.1350546244066,202.58271909691393,1384.463745117
513.634075214446,199.83050616271794,1386.397094727
512.0710604148917,199.8788992036134,1386.337036133
874.7480075659696,187.68320827186108,1396.99597168
-66.48852351377718,-209.11077081412077,1380.204101562
252.50702723959694,-8.01294492278248,1380.792480469
215.61004775651963,-6.74500017426908,1380.35546875
327.1656480934471,-10.578835669904947,1382.779785156
210.60508215235313,-6.574358930811286,1380.323608398
354.04231327801244,-263.69989098701626,1384.205566406
292.80101042357273,-339.6996673569083,1382.617553711
310.59262485650834,-340.40481425076723,1382.91796875
330.5459296560148,-341.18634574115276,1383.317504883
337.71249624545453,-341.46663437224925,1383.448852539
239.03823647386162,-298.64006140083075,1382.126953125
237.73450994479936,-331.91586947161704,1382.290649414
274.5936936350772,-338.9793481435627,1382.508178711
255.5550773415016,-338.2176217660308,1382.423095703
-75.47365098382579,-91.45883851498365,1379.34375
-75.42327065533027,-76.02537676878273,1379.330078125
-76.19431354972767,-117.6562326932326,1379.440551758
795.8191436006455,171.45286491606385,1393.468139648
190.22527109785005,-335.5971435671672,1382.079956055
-9.219467872870155,214.23295486159623,1378.496704102
137.85519735800335,-176.7526734508574,1381.210327148
236.18425951659447,-371.7514841007069,1382.636962891
357.7115495961625,-150.87893406488,1384.425292969
366.6158819751581,93.9459366388619,1383.347900391
768.0047521406668,-460.57047521788627,1409.801025391
1008.983192293148,202.4738634089008,1401.430419922
797.1596259516082,208.82559556514025,1393.204101562
88.65924986684695,212.837851353921,1379.161010742
78.76389072515303,212.95613804273307,1379.074829102
185.82956548093352,637.5612800326198,1379.682495117
238.35305270180106,635.8751962445676,1380.242675781
222.64924307796173,636.3826856259257,1380.114379883
375.90510027715936,631.4569534137845,1382.671508789
163.01116758899298,573.3041648762301,1379.706787109
145.89062327024294,604.3714745780453,1379.263183594
606.1695183712873,624.2818158315495,1386.622680664
173.59811362228356,936.9210956431925,1379.565551758
173.17435860895785,925.8105299575254,1379.583862305
172.82417379354592,909.4250542446971,1379.592773438
330.6197049336042,835.4344271542504,1381.905517578
170.000158081064,796.5957506718114,1379.636108398
324.85526571579976,206.19596095290035,1382.111206055
368.21555845381226,145.85067383293062,1383.213012695
368.5286018832121,155.86305049341172,1383.12097168
366.92194045498036,101.51559883262962,1383.359130859
951.6079508168041,821.6129987463355,1393.383789062
-187.7996952123358,41.656489787623286,1378.248046875
-186.24992424994707,53.044749423861504,1378.265869141
-186.75897027703468,28.12219954188913,1378.196166992
-361.53231812862214,11.99547150824219,1377.323120117
-288.86675130354706,-80.56292277574539,1378.27746582
-292.5323870475404,-187.70989486388862,1378.80871582
-718.7560375430621,-208.05358756519854,1375.934448242
-720.9902347262832,-257.70907221734524,1376.215576172
-505.86325619585114,-212.65051682572812,1377.089477539
-293.4609693948878,-219.7901421384886,1378.933959961
-296.4596419534064,-307.16815035324544,1379.115844727
558.4579833087046,-18.520038776099682,1388.980957031
491.42820318747545,200.5777852991596,1385.802978516
-529.3044766726671,-410.09790218714625,1377.792480469
-709.7387154253665,-404.38681298401207,1376.539306641
-494.67408629111014,-411.16979943215847,1378.003540039
-281.9704935430782,-417.86775853671134,1379.606567383
-97.73976071580546,424.318724501878,1377.696044922
-269.124708110583,612.9069702075794,1375.003295898
0.09336638241074979,214.0757950572297,1378.478271484
-63.52153429744067,295.83937042206526,1378.149902344
-63.6979062781902,290.53358066175133,1378.149902344
-613.8155724219396,440.46521561872214,1371.295043945
-647.6187880876241,557.6177246337757,1370.699707031
-660.672592087998,557.8568670470268,1370.595581055
-628.3291141055524,557.2619107421488,1370.872436523
-557.0819876126479,555.9526252858341,1371.346679688
-579.9468822161434,556.3766060415655,1371.155395508
-621.0955270060804,557.1243304964155,1370.881591797
-603.9759064173559,556.8120760926977,1370.998413086
-588.1782962579164,556.5239277957007,1371.087402344
-699.940447281173,491.8428782168776,1370.308349609
-700.6875637435005,455.56367022171617,1370.247924805
20.204269632929936,-428.482770267874,1381.746704102
59.822890187148005,-1.5805847514420748,1379.805664062
643.1539058228955,-171.45469135139138,1393.034301758
651.4689913811162,-171.6346944347024,1394.006591797
-74.87312714557629,-45.98448874801397,1379.223266602
-69.65613535459852,125.20392000116408,1378.651489258
26.733000829291996,-0.5151928011327982,1379.631713867
235.59013922087615,-385.0033640321344,1382.729980469
234.73444301594282,-406.3694023322314,1382.85168457
234.17892497137655,-420.78752779588103,1383.006103516
-283.5821623856318,82.54137260094285,1377.777832031
-341.2875643961015,11.353542655706406,1377.531616211
-819.6426091291942,26.790532422252,1371.792114258
-873.3937930081738,-399.1805312279612,1374.411254883
-722.368087880197,-292.1499534547329,1376.177612305
-943.0420911349356,-509.8415129901841,1374.024291992
-515.3825244765612,-552.9040075615048,1377.76965332
746.5891120572342,-450.94880632683635,1408.993286133
241.43467955873348,-238.4154191594571,1381.53527832
240.77504537219647,-254.997731981799,1381.754882812
239.96231132396497,-275.36487145442516,1381.9375
239.56381097633857,-286.4534563291818,1382.033325195
468.90620439784834,-442.16657511051744,1388.71105957
410.9296012290288,-440.21870692260563,1385.110961914
582.1934455551091,832.0050613218918,1386.026367188
12.922361822566018,825.4469175422564,1377.117797852
-951.105140838481,-739.006653400138,1374.122924805
-938.8982188125374,-822.0928430920467,1374.575805664
-958.4360934402212,-955.4653284503147,1374.000976562
-955.1807655442972,-852.9891652083024,1374.291015625
-960.2639963912079,-1015.2067707600072,1373.778076172
-993.095145911735,-820.3263426665217,1373.849487305
-970.1458506815834,-821.0743807861581,1374.203369141
534.1104570067255,-858.9450142662972,1381.974731445
516.8386831778917,-859.400233139284,1381.757446289
564.2544293435058,-859.7130915774032,1382.076171875
746.2753183930181,-866.8283035308123,1383.815551758
578.3976824225392,625.4822278115898,1386.010864258
399.495147483889,632.0949539653957,1383.084106445
-78.1250565117225,-187.8674707468599,1379.887207031
-76.80587765492965,-137.76993567496538,1379.558959961
-748.1201039621374,-938.4471378074959,1376.201904297
-734.8036562691559,-597.1652627559379,1376.124145508
1011.4098749376135,606.7969332709908,1397.339111328
801.82432248228,294.4223658852279,1392.547851562
586.7871908762027,458.0042038811371,1386.823608398
613.9847530890256,400.5921071385965,1387.52746582
589.6707040511537,358.5663344627246,1387.024047852
582.8920540190884,359.33120268117636,1386.997680664
550.644389062305,412.1952520972118,1386.142456055
558.2944592926651,412.9764452120289,1386.21887207
565.0022550261929,401.4195854458958,1386.513916016
142.6905819537351,604.5357651282102,1379.170654297
767.9934997827513,-867.6033421559259,1384.087768555
352.756354950252,-863.7560429656878,1381.019165039
993.8189636463067,-454.9760551834479,1387.482299805
-932.7724809783394,-198.48705208767205,1371.990966797
-931.6618056047009,-165.09839348867536,1371.568359375
-701.128167331568,433.5606749393046,1370.209960938
93.25796842679847,826.0765534052625,1378.511230469
141.2430498972535,838.4465028438717,1379.195556641
60.298656263854355,886.4114890079945,1377.629882812
60.92268383136252,906.9914554702118,1377.604125977
592.3130414518528,-19.590343922376633,1389.783081055
772.7092123244656,-24.79099219944328,1396.965576172
-960.4294449916924,-1018.4917993843555,1373.778076172
-751.5568365996005,-1025.820681062527,1375.811157227
750.6317651800346,-475.9817163553089,1408.610717773
800.593587400741,-309.7091125147417,1410.250976562
802.6658538839547,-325.15182363428175,1410.303833008
803.9426403113175,-342.8853216152638,1410.369506836
802.5656778326957,-364.14645262621343,1410.45715332
796.884286634624,-384.1448387224227,1410.469482422
789.4978884839802,-408.4683163482696,1410.581298828
782.7305207175086,-426.35768942162395,1410.593383789
781.8104831497767,-428.62507099844515,1410.573364258
230.58038493909407,-337.2206855099648,1382.276000977
339.73270058981143,-341.552795519121,1383.488769531
-169.5491900681518,-843.1753210052848,1380.989013672
-225.08525799261406,-842.2454657014459,1380.56237793
-299.9345118289348,-840.4271862963215,1380.016235352
