from_node,to_node,speed_lim_mps,power_usage_kwh
1.0,2.0,11.175972222222223,-0.040354977925030525
1.0,3.0,11.175972222222223,0.0026290635490565616
2.0,1.0,11.175972222222223,0.11103449169761927
2.0,223.0,11.175972222222223,0.050162665801937144
3.0,254.0,11.175972222222223,0.0049584633976701145
3.0,1.0,11.175972222222223,-0.00015600137112268544
3.0,255.0,11.175972222222223,0.0006976693645674785
4.0,5.0,11.175972222222223,4.605170877710764e-05
5.0,565.0,11.175972222222223,-0.007516519231991309
6.0,7.0,26.822333333333336,0.02150535243403571
7.0,6.0,26.822333333333336,0.0008370443511417828
7.0,8.0,26.822333333333336,-0.02814964764659061
8.0,9.0,26.822333333333336,0.02640155409686008
8.0,7.0,26.822333333333336,0.11291161002459596
9.0,465.0,26.822333333333336,0.048396196922237775
9.0,8.0,26.822333333333336,0.010303618160333492
10.0,11.0,11.175972222222223,-0.002411993953291529
11.0,532.0,11.175972222222223,-0.0020570811611011226
12.0,13.0,11.175972222222223,0.003960943156008197
12.0,14.0,11.175972222222223,-0.00038316296887941576
13.0,813.0,11.175972222222223,-0.04999890625752269
14.0,743.0,11.175972222222223,-0.007758127297666217
15.0,16.0,8.940777777777777,0.0013837916319186046
15.0,17.0,11.175972222222223,0.0008603226574619686
15.0,18.0,11.175972222222223,0.0007432511922253238
15.0,19.0,11.175972222222223,0.0007588739291734547
16.0,15.0,8.940777777777777,0.002968680789061917
16.0,369.0,8.940777777777777,-0.0022198347517919195
17.0,15.0,11.175972222222223,0.002729054762073831
17.0,665.0,11.175972222222223,0.0018065248388722081
18.0,808.0,11.175972222222223,-0.00020256296206887567
18.0,15.0,11.175972222222223,0.0031647247400743072
19.0,15.0,11.175972222222223,0.002939706887886143
19.0,667.0,11.175972222222223,0.0004459047950836512
20.0,21.0,11.175972222222223,-0.0008224827329366882
20.0,22.0,11.175972222222223,0.0013031524125483639
20.0,23.0,11.175972222222223,0.003219986848699325
20.0,24.0,11.175972222222223,0.004282802663014805
21.0,20.0,11.175972222222223,0.0055929326492482785
21.0,727.0,11.175972222222223,-0.028372715850801103
22.0,730.0,11.175972222222223,0.002686537526515209
22.0,20.0,11.175972222222223,0.002836229928798844
23.0,20.0,11.175972222222223,0.0008097385511639015
23.0,809.0,11.175972222222223,0.019152264143022693
24.0,20.0,11.175972222222223,0.0005821464648239992
24.0,387.0,11.175972222222223,0.00925075393378454
25.0,26.0,11.175972222222223,0.0013459139068136628
25.0,27.0,11.175972222222223,0.0017691923797146368
25.0,28.0,8.940777777777777,0.0009343721669275353
25.0,29.0,8.940777777777777,-0.00018629833854714984
26.0,669.0,11.175972222222223,0.00429734554821854
26.0,25.0,11.175972222222223,0.002485553287568494
27.0,25.0,11.175972222222223,0.0012931339388415532
27.0,922.0,11.175972222222223,0.003916169058462262
28.0,389.0,8.940777777777777,0.014940239332198492
28.0,25.0,8.940777777777777,0.002179587783000996
29.0,25.0,8.940777777777777,0.004818258932742655
29.0,729.0,8.940777777777777,-0.03713221590404522
30.0,31.0,8.940777777777777,0.0018232258558751803
30.0,32.0,8.940777777777777,-0.0008904059151375994
30.0,33.0,11.175972222222223,0.0009942754212395432
30.0,34.0,11.175972222222223,0.0017979729520336402
31.0,628.0,8.940777777777777,0.004042732554226729
31.0,30.0,8.940777777777777,0.0012936883129301766
32.0,30.0,8.940777777777777,0.006971444041569538
32.0,841.0,8.940777777777777,-0.0006904802566040821
33.0,672.0,11.175972222222223,-0.0009602980600206299
33.0,30.0,11.175972222222223,0.002269807349625921
34.0,30.0,11.175972222222223,0.001278467931106407
34.0,669.0,11.175972222222223,0.00610380727930512
35.0,36.0,11.175972222222223,0.0001333961447752846
35.0,37.0,11.175972222222223,0.0042359609435043
35.0,38.0,8.940777777777777,0.0047533297481839685
35.0,39.0,8.940777777777777,-0.0005536612376972901
36.0,41.0,11.175972222222223,-0.013015330622415038
36.0,35.0,11.175972222222223,0.0038502055905137414
37.0,35.0,11.175972222222223,2.1945712023291643e-05
37.0,673.0,11.175972222222223,0.009950594404574478
38.0,840.0,8.940777777777777,0.008665607391094227
38.0,35.0,8.940777777777777,-0.0002818456836545145
39.0,35.0,8.940777777777777,0.005808576476649008
39.0,548.0,8.940777777777777,-0.0037361343116779203
40.0,41.0,11.175972222222223,0.004714380085976072
40.0,42.0,11.175972222222223,-0.0023766833902620615
40.0,43.0,11.175972222222223,0.009435169795372556
40.0,44.0,11.175972222222223,0.0007154635472568162
41.0,40.0,11.175972222222223,0.0002863187863315425
41.0,36.0,11.175972222222223,0.05659642768937453
42.0,40.0,11.175972222222223,0.009546673671331636
42.0,569.0,11.175972222222223,-0.004050077726150725
43.0,761.0,11.175972222222223,0.02146894212161082
43.0,40.0,11.175972222222223,-0.0028336560947429955
44.0,741.0,11.175972222222223,-0.0009277960637611144
44.0,40.0,11.175972222222223,0.005058675274372559
45.0,46.0,11.175972222222223,0.0031641735274207197
45.0,47.0,11.175972222222223,0.025580759348559672
46.0,460.0,11.175972222222223,0.004073701825650831
46.0,45.0,11.175972222222223,0.0005243105189573516
47.0,48.0,11.175972222222223,0.024712850493417305
47.0,45.0,11.175972222222223,-0.0008696908765083152
47.0,49.0,8.940777777777777,0.0011706121881591728
48.0,50.0,11.175972222222223,0.0013144460364620616
48.0,47.0,11.175972222222223,-0.003335162909951014
49.0,47.0,8.940777777777777,0.0023984427067766964
49.0,718.0,8.940777777777777,0.005450961205559556
50.0,51.0,11.175972222222223,0.0015679746610073831
50.0,52.0,11.175972222222223,0.0018841550012917306
50.0,48.0,11.175972222222223,0.0012106433571358061
51.0,810.0,11.175972222222223,0.00428101713952566
52.0,559.0,11.175972222222223,0.0014362825730714526
52.0,560.0,11.175972222222223,0.0012775230678490675
52.0,50.0,11.175972222222223,0.001117653883029166
53.0,54.0,8.940777777777777,0.0007565050942675033
53.0,55.0,11.175972222222223,0.003595793752279557
53.0,56.0,11.175972222222223,-0.00024339909081663914
54.0,692.0,8.940777777777777,0.00526542302548892
54.0,53.0,8.940777777777777,0.005064524745707703
55.0,393.0,11.175972222222223,0.02512939215796576
55.0,53.0,11.175972222222223,0.0004168481535190177
56.0,53.0,11.175972222222223,0.004217428250824463
56.0,876.0,11.175972222222223,0.0003856062929931717
57.0,58.0,11.175972222222223,0.004463847457913805
57.0,59.0,11.175972222222223,0.0011290311774979052
57.0,60.0,11.175972222222223,-0.0021517527034759652
58.0,63.0,11.175972222222223,0.003102843733461935
58.0,57.0,11.175972222222223,-0.0010102816366821803
59.0,860.0,11.175972222222223,0.0012911295807126358
60.0,57.0,11.175972222222223,0.011330014005441884
60.0,393.0,11.175972222222223,-0.00010962059391618438
61.0,62.0,11.175972222222223,0.016383364913072768
61.0,63.0,11.175972222222223,-0.008136869262042525
62.0,402.0,11.175972222222223,0.01908121729555105
62.0,61.0,11.175972222222223,-0.004631399180622284
63.0,61.0,11.175972222222223,0.028917141745190025
63.0,58.0,11.175972222222223,-0.0008117622238555401
64.0,65.0,11.175972222222223,-9.225374743557831e-05
64.0,66.0,11.175972222222223,9.138791049154145e-05
64.0,67.0,11.175972222222223,-0.0018762225999031691
64.0,68.0,11.175972222222223,0.008999188893022272
65.0,489.0,11.175972222222223,0.00020399776506334452
66.0,651.0,11.175972222222223,0.0002850707284839414
66.0,64.0,11.175972222222223,0.005365889114216341
67.0,64.0,11.175972222222223,0.016835927837972848
67.0,403.0,11.175972222222223,-0.0020359398548636964
68.0,492.0,11.175972222222223,0.0033653647495111463
68.0,64.0,11.175972222222223,-0.0007664034013703071
69.0,70.0,11.175972222222223,-2.5332084341652668e-06
69.0,71.0,11.175972222222223,-0.006648362823553092
69.0,72.0,11.175972222222223,0.010300204682217887
70.0,435.0,11.175972222222223,-0.013480476322999445
70.0,69.0,11.175972222222223,0.004670490156219812
71.0,69.0,11.175972222222223,0.016558940420734438
71.0,418.0,11.175972222222223,-0.03050819629507825
72.0,433.0,11.175972222222223,0.07225372306253351
72.0,69.0,11.175972222222223,-0.004459648158622117
73.0,74.0,11.175972222222223,0.0030578281639047763
73.0,75.0,11.175972222222223,0.0010777554816825978
73.0,76.0,8.940777777777777,0.0007851941624804472
73.0,77.0,8.940777777777777,0.002823650687018071
74.0,73.0,11.175972222222223,0.0005470334856177692
74.0,490.0,11.175972222222223,0.04352226599642262
75.0,757.0,11.175972222222223,0.001805420638435001
75.0,73.0,11.175972222222223,0.0021687686639663647
76.0,73.0,8.940777777777777,0.0033794717089256536
76.0,405.0,8.940777777777777,0.002792034173816008
77.0,752.0,8.940777777777777,0.0378519459793976
77.0,73.0,8.940777777777777,0.0007328618803969868
78.0,79.0,11.175972222222223,0.0015499479700142676
79.0,754.0,11.175972222222223,0.0007107483850921398
80.0,81.0,8.940777777777777,-0.0004241214014496847
80.0,82.0,8.940777777777777,0.004338007976130944
80.0,83.0,8.940777777777777,-0.0036250894846547067
81.0,824.0,8.940777777777777,-0.009397352901473388
81.0,80.0,8.940777777777777,0.004316303206133659
82.0,380.0,8.940777777777777,0.04546085553405891
82.0,80.0,8.940777777777777,-0.0006047778181449725
83.0,80.0,8.940777777777777,0.01589312339077256
83.0,381.0,8.940777777777777,-0.0120651071133485
84.0,85.0,11.175972222222223,0.12811919780867434
85.0,201.0,11.175972222222223,-0.00014826167988381858
85.0,202.0,11.175972222222223,0.002026292923735677
85.0,203.0,11.175972222222223,0.0026985849142680688
86.0,87.0,11.175972222222223,0.0008249625292662517
86.0,88.0,8.940777777777777,0.0010482743879840517
86.0,89.0,8.940777777777777,0.0007092352206628037
87.0,866.0,11.175972222222223,0.005390590038636711
88.0,86.0,8.940777777777777,0.006966057835323702
88.0,372.0,8.940777777777777,0.001463121090438706
89.0,406.0,8.940777777777777,0.0008236234521879367
89.0,86.0,8.940777777777777,0.0019110954546292963
90.0,91.0,8.940777777777777,0.0008394568858431378
91.0,620.0,8.940777777777777,0.0008984956787391339
91.0,90.0,8.940777777777777,0.00014867523608328941
92.0,93.0,8.940777777777777,-5.222380375431573e-05
92.0,94.0,8.940777777777777,0.0051225512880028355
92.0,95.0,11.175972222222223,0.0016446303500038356
92.0,96.0,11.175972222222223,0.0021268695436023675
93.0,722.0,8.940777777777777,0.002296686305591779
93.0,92.0,8.940777777777777,0.004578561324356917
94.0,92.0,8.940777777777777,-0.0003623116184564006
94.0,690.0,8.940777777777777,0.024496530213601885
95.0,668.0,11.175972222222223,0.012895282556234764
95.0,92.0,11.175972222222223,0.0015811117356058623
96.0,92.0,11.175972222222223,0.0011597090051220938
97.0,98.0,11.175972222222223,0.004807915993054052
97.0,99.0,8.940777777777777,0.002863321335122035
98.0,734.0,11.175972222222223,0.03739706488612494
99.0,644.0,8.940777777777777,0.072711908105763
99.0,97.0,8.940777777777777,0.0011319066066902501
100.0,101.0,8.940777777777777,0.005244812464238179
100.0,102.0,11.175972222222223,-0.00032877335219634677
100.0,103.0,8.940777777777777,-0.0013626826301964279
101.0,659.0,8.940777777777777,0.07574302072093282
101.0,100.0,8.940777777777777,1.56197706534914e-05
102.0,906.0,11.175972222222223,-0.014545039999817756
103.0,100.0,8.940777777777777,0.00754043150337025
103.0,644.0,8.940777777777777,-0.03106481350656407
104.0,105.0,8.940777777777777,0.0002895226611962984
104.0,106.0,11.175972222222223,0.017728117241174214
105.0,104.0,8.940777777777777,0.0032951112121229757
105.0,658.0,8.940777777777777,-0.04501781650381584
106.0,450.0,11.175972222222223,0.008151363127862642
107.0,108.0,11.175972222222223,0.00328564230667032
108.0,107.0,11.175972222222223,0.0008036220887399097
108.0,459.0,11.175972222222223,0.0009047419528608659
109.0,110.0,11.175972222222223,0.006648133170764924
109.0,111.0,8.940777777777777,0.0008605627050216286
109.0,112.0,11.175972222222223,0.008651027638077092
109.0,113.0,8.940777777777777,0.0035524030519943515
110.0,577.0,11.175972222222223,0.001518493861316006
111.0,109.0,8.940777777777777,0.007152723835721326
111.0,751.0,8.940777777777777,-0.002344615046127976
112.0,858.0,11.175972222222223,0.01350576520717971
113.0,430.0,8.940777777777777,0.028925081019649006
113.0,109.0,8.940777777777777,0.0011449179010810477
114.0,115.0,11.175972222222223,0.0005542656014936242
115.0,654.0,11.175972222222223,0.0009543070148041697
116.0,117.0,8.940777777777777,0.001673051353714543
117.0,116.0,8.940777777777777,0.0016915616147015569
117.0,563.0,11.175972222222223,0.0007800742332526773
117.0,564.0,8.940777777777777,0.0008175053766548823
118.0,119.0,8.940777777777777,0.0008816875911518424
118.0,120.0,8.940777777777777,0.0009793029634837145
119.0,640.0,8.940777777777777,0.0058666487021625975
119.0,118.0,8.940777777777777,0.0013721840887440445
120.0,118.0,8.940777777777777,0.0022280738651876413
120.0,917.0,8.940777777777777,0.004864727956477098
121.0,122.0,11.175972222222223,0.0006985659345131578
121.0,123.0,11.175972222222223,0.0014948733713237919
121.0,124.0,8.940777777777777,0.0011797075866976266
122.0,121.0,11.175972222222223,0.002753468390460688
122.0,715.0,11.175972222222223,0.002102692670064175
123.0,398.0,11.175972222222223,0.0118481572670017
124.0,121.0,8.940777777777777,0.004242045816167592
124.0,640.0,8.940777777777777,0.005867258053512561
125.0,126.0,8.940777777777777,-0.0017870004725119074
125.0,127.0,11.175972222222223,0.006045555087140787
125.0,128.0,8.940777777777777,0.007387249734999677
125.0,129.0,11.175972222222223,-0.0006396602173104313
126.0,655.0,8.940777777777777,-0.00039681795621283666
127.0,125.0,11.175972222222223,-0.0010682233412396506
127.0,442.0,11.175972222222223,0.008278734991641085
128.0,385.0,8.940777777777777,0.030358536741096863
128.0,125.0,8.940777777777777,-0.0010809852780035692
129.0,839.0,11.175972222222223,-0.0011046241401703
129.0,125.0,11.175972222222223,0.005395269984378764
130.0,131.0,8.940777777777777,0.008237783867046499
130.0,132.0,8.940777777777777,-0.0012221937406680804
130.0,133.0,11.175972222222223,-0.0007130932986154973
130.0,134.0,11.175972222222223,0.0032522175721158807
131.0,381.0,8.940777777777777,0.04349153535624011
131.0,130.0,8.940777777777777,-0.001158905252711058
132.0,130.0,8.940777777777777,0.008426497066684661
132.0,384.0,8.940777777777777,-0.013497621259620786
133.0,130.0,11.175972222222223,0.006378951267336844
134.0,130.0,11.175972222222223,0.0005229097840068505
134.0,441.0,11.175972222222223,0.00129925853625597
135.0,136.0,8.940777777777777,-0.0007756010801390055
135.0,137.0,8.940777777777777,0.0024814974093157255
135.0,138.0,8.940777777777777,-0.0013984733606252123
136.0,691.0,8.940777777777777,-0.008081654340833178
136.0,135.0,8.940777777777777,0.004649714198429165
137.0,759.0,8.940777777777777,0.014524097454035717
137.0,135.0,8.940777777777777,-0.00018118778047806144
138.0,135.0,8.940777777777777,0.009031692779533036
138.0,380.0,8.940777777777777,-0.014113020910850012
139.0,140.0,8.940777777777777,0.001005231950598177
139.0,141.0,8.940777777777777,0.0005731002845933155
140.0,461.0,8.940777777777777,0.0008465795225784654
140.0,139.0,8.940777777777777,0.0006057008101399079
141.0,139.0,8.940777777777777,0.0010612401440807185
141.0,143.0,8.940777777777777,0.014101062129610289
142.0,143.0,8.940777777777777,0.0012985309278869164
143.0,141.0,8.940777777777777,0.017529040209206415
143.0,142.0,8.940777777777777,0.0024426938418016563
144.0,145.0,8.940777777777777,-0.0010040977123634241
144.0,146.0,11.175972222222223,0.0025096856675984984
145.0,448.0,8.940777777777777,-2.9279121669084345e-05
146.0,823.0,11.175972222222223,0.0203018500530212
147.0,148.0,11.175972222222223,0.008097735126103473
147.0,149.0,8.940777777777777,0.0029324288794263667
148.0,480.0,11.175972222222223,0.012774067210523552
149.0,152.0,8.940777777777777,0.036819760135760084
149.0,147.0,8.940777777777777,-0.00036668630529468994
150.0,151.0,8.940777777777777,0.0657305447365719
150.0,152.0,8.940777777777777,-0.012268953949023822
151.0,153.0,8.940777777777777,0.004053408632021673
151.0,150.0,8.940777777777777,-0.026372276334838084
152.0,150.0,8.940777777777777,0.03036156174165841
152.0,149.0,8.940777777777777,-0.01472097784644289
153.0,154.0,8.940777777777777,0.001030709900966943
153.0,155.0,8.940777777777777,0.0030813154360386993
153.0,156.0,8.940777777777777,0.004347110084573154
153.0,151.0,8.940777777777777,0.00011342818643034485
154.0,311.0,8.940777777777777,0.0011737378510073997
154.0,153.0,8.940777777777777,0.0024546008654486398
155.0,153.0,8.940777777777777,0.0005113392374153017
155.0,292.0,8.940777777777777,0.024051050861223975
156.0,849.0,8.940777777777777,0.004078643537147314
156.0,153.0,8.940777777777777,-0.0003185277873490726
157.0,158.0,8.940777777777777,0.0014814994553128157
157.0,159.0,8.940777777777777,0.0013857839439358416
157.0,160.0,8.940777777777777,0.0018229826120968568
157.0,161.0,8.940777777777777,0.0015141693866501634
158.0,476.0,8.940777777777777,0.015278060608582859
158.0,157.0,8.940777777777777,0.001605485598414891
159.0,157.0,8.940777777777777,0.002453093714836943
159.0,627.0,8.940777777777777,-0.0009508894130608045
160.0,847.0,8.940777777777777,0.001434542792055565
160.0,157.0,8.940777777777777,0.0018676599121074777
161.0,157.0,8.940777777777777,0.0019150411814541299
161.0,844.0,8.940777777777777,0.0008525422359699526
162.0,163.0,8.940777777777777,0.00035375110229120016
162.0,164.0,11.175972222222223,0.001748576816532955
163.0,162.0,8.940777777777777,0.0024154248780352476
163.0,477.0,8.940777777777777,0.0017882885863337913
164.0,820.0,11.175972222222223,0.00824209685245883
165.0,166.0,8.940777777777777,0.0006165287729129119
165.0,167.0,8.940777777777777,0.0002463815714338907
165.0,168.0,8.940777777777777,0.003982334008680276
166.0,165.0,8.940777777777777,0.0034826098684693566
166.0,456.0,8.940777777777777,-0.010568519511405514
167.0,871.0,8.940777777777777,-0.0014875497043805228
167.0,165.0,8.940777777777777,0.004622540408723533
168.0,165.0,8.940777777777777,0.0003229901641703009
169.0,170.0,8.940777777777777,0.000706505701050103
169.0,171.0,11.175972222222223,0.0014302844164318582
169.0,172.0,11.175972222222223,0.0007678375775905291
170.0,833.0,8.940777777777777,-0.013189632037579991
171.0,169.0,11.175972222222223,0.0024460866254628
171.0,683.0,11.175972222222223,0.00670548543205575
172.0,209.0,11.175972222222223,0.01700026178595077
172.0,169.0,11.175972222222223,0.0029340234896410053
173.0,174.0,8.940777777777777,0.0006928327936891759
173.0,175.0,11.175972222222223,3.333249179458771e-05
173.0,176.0,8.940777777777777,-0.0002930708320406586
174.0,173.0,8.940777777777777,0.0018936660193863849
174.0,707.0,8.940777777777777,0.0017084108603303318
175.0,781.0,11.175972222222223,-0.005797341249211919
176.0,416.0,8.940777777777777,-0.01972653246156251
177.0,178.0,11.175972222222223,0.00453374998223701
177.0,179.0,8.940777777777777,-3.6883933935319074e-05
177.0,180.0,11.175972222222223,-0.0001464909034680182
178.0,177.0,11.175972222222223,3.396355430863703e-05
178.0,828.0,11.175972222222223,0.003353234428421388
179.0,687.0,8.940777777777777,-0.01901593908903977
179.0,177.0,8.940777777777777,0.005209763418007226
180.0,177.0,11.175972222222223,0.0035634993971588665
180.0,703.0,11.175972222222223,-0.0006061596301091229
181.0,182.0,11.175972222222223,0.00046492885826341577
181.0,183.0,11.175972222222223,0.006670304621932341
182.0,885.0,11.175972222222223,0.0003209167005729069
183.0,901.0,11.175972222222223,0.03279242530659264
184.0,185.0,12.980012408347434,0.0004525971220630842
184.0,186.0,11.175972222222223,-0.0006473866496833639
184.0,187.0,11.175972222222223,-0.0010201428582035496
185.0,536.0,12.980012408347434,-0.00033258942189034855
185.0,184.0,12.980012408347434,0.003513432678512074
186.0,771.0,11.175972222222223,-0.003502184309235258
187.0,864.0,11.175972222222223,-0.047961584372010424
188.0,189.0,11.175972222222223,-4.039276415234339e-05
188.0,190.0,11.175972222222223,-0.004416577144585271
189.0,874.0,11.175972222222223,-0.016892943460182927
190.0,875.0,11.175972222222223,-0.0008617786459446485
191.0,192.0,11.175972222222223,0.0006466755332175665
191.0,193.0,11.175972222222223,0.002850305244627989
191.0,194.0,11.175972222222223,0.0002618319903719079
192.0,191.0,11.175972222222223,0.0025450445435320997
192.0,704.0,11.175972222222223,0.004135527060171349
193.0,645.0,11.175972222222223,0.0681419387913715
194.0,246.0,11.175972222222223,-0.0026803580864837844
194.0,191.0,11.175972222222223,0.0034217770804017213
195.0,196.0,11.175972222222223,0.0025136918642475886
195.0,197.0,11.175972222222223,0.004458305263204452
196.0,862.0,11.175972222222223,0.011704580689257801
197.0,814.0,11.175972222222223,0.021151903093522283
198.0,199.0,11.175972222222223,0.0029469290623063563
198.0,200.0,11.175972222222223,0.003349315852707403
199.0,817.0,11.175972222222223,0.009539174114031797
200.0,745.0,11.175972222222223,0.028215819151847784
201.0,598.0,11.175972222222223,-0.00048689336310792943
201.0,85.0,11.175972222222223,0.00442384393028588
202.0,85.0,11.175972222222223,0.0004826660274040903
202.0,255.0,11.175972222222223,0.05349354606803753
203.0,739.0,11.175972222222223,0.023684692590159217
204.0,205.0,11.175972222222223,0.00282844348872944
205.0,204.0,11.175972222222223,0.0018554273648873011
205.0,738.0,11.175972222222223,0.0143059744295944
206.0,207.0,11.175972222222223,0.0005591909373556819
206.0,208.0,11.175972222222223,0.0011366629486043876
206.0,209.0,11.175972222222223,0.0020193162019337607
207.0,542.0,11.175972222222223,-1.5319471800529594e-05
208.0,657.0,11.175972222222223,0.0011256242012395298
209.0,206.0,11.175972222222223,0.0015012086804287587
209.0,172.0,11.175972222222223,0.011599688832266003
210.0,211.0,11.175972222222223,0.0027961459965101243
210.0,212.0,11.175972222222223,0.003889504837050022
210.0,213.0,11.175972222222223,0.0016020226003563816
211.0,683.0,11.175972222222223,0.004857755453313971
211.0,210.0,11.175972222222223,0.0012274991895316052
212.0,636.0,11.175972222222223,0.14145921033295808
213.0,210.0,11.175972222222223,0.001633262052171731
214.0,215.0,11.175972222222223,0.15965453157449128
214.0,216.0,11.175972222222223,-0.004052806056223485
214.0,104.0,11.175972222222223,0.021741432259976334
215.0,356.0,11.175972222222223,0.009583681306303382
215.0,357.0,11.175972222222223,-6.351171041021638e-05
215.0,214.0,11.175972222222223,-0.06619994313512059
216.0,214.0,11.175972222222223,0.01217512343723012
216.0,769.0,11.175972222222223,-0.02660964297961388
217.0,218.0,11.175972222222223,0.004283380527548122
217.0,219.0,11.175972222222223,0.00040041118227077924
218.0,660.0,11.175972222222223,0.05838272158366162
219.0,911.0,11.175972222222223,0.0007041997368973737
220.0,221.0,11.175972222222223,0.00597986054256949
220.0,222.0,11.175972222222223,0.0032535460624355155
221.0,553.0,11.175972222222223,0.002105906393703761
222.0,606.0,11.175972222222223,0.0018529920113466508
223.0,2.0,11.175972222222223,-0.02734824875952525
223.0,224.0,11.175972222222223,-0.003622895580700247
223.0,225.0,11.175972222222223,0.0003781234743235266
224.0,736.0,11.175972222222223,-0.019354357251133353
225.0,760.0,11.175972222222223,-0.013397881852463708
226.0,227.0,11.175972222222223,0.0019733211869587862
226.0,228.0,8.940777777777777,0.0013828690804635572
227.0,913.0,11.175972222222223,0.01602385665573775
228.0,561.0,11.175972222222223,0.0005621836481224972
228.0,562.0,8.940777777777777,0.0007219573248145934
228.0,226.0,8.940777777777777,0.0018455028021623686
229.0,230.0,8.940777777777777,0.0011992287132286158
229.0,231.0,8.940777777777777,0.0008332623283350227
229.0,232.0,8.940777777777777,0.0012441787111414594
230.0,229.0,8.940777777777777,0.003275571667290431
230.0,693.0,8.940777777777777,0.00296726808681386
231.0,397.0,8.940777777777777,0.01107330625914619
231.0,229.0,8.940777777777777,0.002642530013705483
232.0,229.0,8.940777777777777,0.004293896001370533
232.0,915.0,8.940777777777777,0.006674984819797055
233.0,234.0,8.940777777777777,0.004676213524955662
233.0,235.0,11.175972222222223,-0.00032037480389929414
233.0,236.0,8.940777777777777,-0.0013006985764947038
234.0,383.0,8.940777777777777,0.08222955507877304
234.0,233.0,8.940777777777777,-0.00014470743580547883
235.0,763.0,11.175972222222223,-0.0013748513994650637
235.0,233.0,11.175972222222223,0.004783463398793818
236.0,233.0,8.940777777777777,0.007602968236343765
236.0,679.0,8.940777777777777,-0.002587360643377884
237.0,238.0,11.175972222222223,0.0034750242715658056
237.0,239.0,8.940777777777777,0.010052390956656911
237.0,240.0,8.940777777777777,-0.007615561400457408
237.0,241.0,11.175972222222223,-0.00036289381728910524
238.0,237.0,11.175972222222223,0.00037968930012881015
238.0,434.0,11.175972222222223,0.009435922831087021
239.0,382.0,8.940777777777777,0.14061809199866487
239.0,237.0,8.940777777777777,-0.0029247429345786806
240.0,237.0,8.940777777777777,0.019123329018953666
240.0,383.0,8.940777777777777,-0.03587170769349279
241.0,438.0,11.175972222222223,-0.006877426368331677
241.0,237.0,11.175972222222223,0.00486422875865114
242.0,243.0,11.175972222222223,0.0008766523068024757
243.0,784.0,11.175972222222223,0.004943618076626261
244.0,245.0,11.175972222222223,0.00019501348160319654
244.0,246.0,11.175972222222223,0.004090850439865725
244.0,247.0,11.175972222222223,-0.00042496239610283155
245.0,685.0,11.175972222222223,-0.02696417171920631
246.0,244.0,11.175972222222223,-0.00014925762865965775
246.0,194.0,11.175972222222223,0.040290634782082564
247.0,798.0,11.175972222222223,-0.0004798820591471273
247.0,244.0,11.175972222222223,0.0038354211672964036
248.0,249.0,11.175972222222223,0.0004319615062417875
248.0,250.0,11.175972222222223,0.004524893182818744
249.0,877.0,11.175972222222223,0.0003553451481379858
250.0,789.0,11.175972222222223,0.01813481997889768
251.0,252.0,11.175972222222223,0.00015151952247650528
251.0,253.0,11.175972222222223,-0.004151403836031323
252.0,899.0,11.175972222222223,-0.0023611859437343906
253.0,821.0,11.175972222222223,-0.01793479832440528
254.0,545.0,11.175972222222223,0.01919366377819438
254.0,3.0,11.175972222222223,-0.00039236917179918685
255.0,202.0,11.175972222222223,-0.010827428180292442
255.0,3.0,11.175972222222223,0.0048165701407667
256.0,257.0,11.175972222222223,0.0016716654488254346
256.0,258.0,11.175972222222223,0.0001870152266348004
256.0,259.0,11.175972222222223,0.0037616935297981988
256.0,260.0,11.175972222222223,0.0002164274478778325
256.0,261.0,8.940777777777777,0.0023703445683403504
257.0,694.0,11.175972222222223,-0.003799943828597882
257.0,256.0,11.175972222222223,0.0023994693868507563
258.0,256.0,11.175972222222223,0.00500141964362097
258.0,546.0,11.175972222222223,0.0003694060776415557
259.0,568.0,11.175972222222223,0.01780045449184769
259.0,256.0,11.175972222222223,-0.0004704798571768194
260.0,929.0,11.175972222222223,4.988935532051699e-06
261.0,256.0,8.940777777777777,0.0023003539399109366
261.0,724.0,8.940777777777777,0.0011428031551481011
262.0,263.0,11.175972222222223,0.0005033746048853111
262.0,264.0,11.175972222222223,0.0015094194519432588
263.0,705.0,11.175972222222223,0.0012761649243096958
263.0,262.0,11.175972222222223,0.0014842603490140805
264.0,262.0,11.175972222222223,0.0020264791669571355
265.0,266.0,11.175972222222223,0.0008542737109724501
265.0,267.0,11.175972222222223,0.00015414385254002225
266.0,903.0,11.175972222222223,-0.004440297795803667
267.0,870.0,11.175972222222223,0.00012503872817100416
268.0,269.0,11.175972222222223,-0.00011494445362260286
268.0,270.0,11.175972222222223,0.002357507959318591
269.0,649.0,11.175972222222223,-0.008423115597321148
270.0,897.0,11.175972222222223,0.021600077743712427
271.0,272.0,11.175972222222223,0.000495130627513561
271.0,273.0,11.175972222222223,0.0005230253621694855
271.0,274.0,11.175972222222223,0.0010908939762294203
272.0,409.0,11.175972222222223,0.000824267604134515
272.0,271.0,11.175972222222223,0.0020344364839210527
273.0,271.0,11.175972222222223,0.004897278495230841
273.0,617.0,11.175972222222223,-0.005084548706224657
274.0,462.0,11.175972222222223,0.0004946110679224709
275.0,276.0,11.175972222222223,0.0011226382326897416
275.0,277.0,11.175972222222223,0.0006288586942659319
276.0,850.0,11.175972222222223,0.0019184806170990574
277.0,767.0,11.175972222222223,-0.0034041405377290192
278.0,279.0,11.175972222222223,0.0012419438451762557
278.0,280.0,11.175972222222223,0.0009534586064260798
279.0,637.0,11.175972222222223,0.0019789615518224835
280.0,635.0,11.175972222222223,-0.006173095805591703
281.0,282.0,11.175972222222223,0.0024448971788734344
281.0,283.0,11.175972222222223,0.00805020352285924
282.0,888.0,11.175972222222223,0.09027879310173564
283.0,834.0,11.175972222222223,0.00592315772100205
284.0,285.0,12.980012408347434,0.011855628022604939
284.0,286.0,11.175972222222223,0.008171275817143506
284.0,287.0,11.175972222222223,-0.0003867457387035483
285.0,284.0,12.980012408347434,-0.0014831023923258457
285.0,662.0,12.980012408347434,0.0021579757594847675
286.0,907.0,11.175972222222223,0.10742448744039472
287.0,0.0,11.175972222222223,-0.002526145177775434
288.0,289.0,8.940777777777777,0.0033426411274890266
288.0,290.0,11.175972222222223,0.0010559606718263822
289.0,485.0,8.940777777777777,0.0793217204154061
289.0,288.0,8.940777777777777,-2.3290077166372344e-05
290.0,803.0,11.175972222222223,0.003964581414404563
291.0,292.0,8.940777777777777,0.0010470400913882144
291.0,293.0,8.940777777777777,0.0012794696108542993
291.0,294.0,8.940777777777777,0.0025134748773324327
291.0,295.0,8.940777777777777,-0.00039329081305627695
292.0,155.0,8.940777777777777,0.007402825154899138
292.0,291.0,8.940777777777777,0.003295121941350029
293.0,291.0,8.940777777777777,0.0015531745869572335
293.0,305.0,8.940777777777777,0.04168307071418891
294.0,729.0,8.940777777777777,0.07089660479735806
294.0,291.0,8.940777777777777,0.00044193146217808514
295.0,291.0,8.940777777777777,0.005471387271960411
295.0,485.0,8.940777777777777,-0.03701912945881804
296.0,297.0,8.940777777777777,0.002063905601353117
296.0,298.0,8.940777777777777,0.0007838079909325546
296.0,299.0,8.940777777777777,0.0013728129544761888
296.0,300.0,8.940777777777777,0.0017365213262326659
297.0,386.0,8.940777777777777,0.019979632248171085
297.0,296.0,8.940777777777777,0.0009598867280419146
298.0,296.0,8.940777777777777,0.002517988801387188
298.0,390.0,8.940777777777777,0.0018465990188743235
299.0,843.0,8.940777777777777,0.001691821607316156
299.0,296.0,8.940777777777777,0.001996140694168896
300.0,296.0,8.940777777777777,0.0017365213262326659
300.0,845.0,8.940777777777777,0.0016596187786772575
301.0,302.0,8.940777777777777,-1.0530278247875501e-06
301.0,303.0,11.175972222222223,0.0014715267194939927
302.0,301.0,8.940777777777777,0.0033759249237520846
302.0,386.0,8.940777777777777,-0.0011092301145155393
303.0,778.0,11.175972222222223,3.5023800664923996e-05
304.0,305.0,8.940777777777777,0.0011708148038735327
304.0,306.0,11.175972222222223,0.006543774705914155
304.0,307.0,11.175972222222223,-0.0025194833793118774
305.0,293.0,8.940777777777777,-0.003043629078277326
305.0,304.0,8.940777777777777,0.004434646789092603
306.0,807.0,11.175972222222223,0.004574098100326557
306.0,304.0,11.175972222222223,-0.0022079978396811312
307.0,304.0,11.175972222222223,0.008076486576654702
307.0,356.0,11.175972222222223,-0.061937482928861046
308.0,309.0,8.940777777777777,2.66494178832372e-05
308.0,310.0,8.940777777777777,0.001346600371656215
308.0,311.0,8.940777777777777,0.0019473044044490855
308.0,312.0,8.940777777777777,0.002901111155410021
309.0,308.0,8.940777777777777,0.0041325446798219055
309.0,543.0,8.940777777777777,-0.00815408108288903
310.0,726.0,8.940777777777777,0.008197281321903078
310.0,308.0,8.940777777777777,0.0016395164163087392
311.0,308.0,8.940777777777777,0.0019617903661758584
311.0,154.0,8.940777777777777,0.03559117070990135
312.0,547.0,8.940777777777777,0.06821277384739252
312.0,308.0,8.940777777777777,0.00028331727953588104
313.0,314.0,11.175972222222223,0.0013436207430177567
313.0,315.0,11.175972222222223,-0.0012162518514000295
314.0,695.0,11.175972222222223,0.00015542879276901102
315.0,392.0,11.175972222222223,-0.001941761477356655
315.0,313.0,11.175972222222223,0.007381892784499482
316.0,317.0,8.940777777777777,0.0008297234885584036
316.0,318.0,11.175972222222223,0.000818479254146278
316.0,319.0,8.940777777777777,0.0016630254916944014
316.0,320.0,11.175972222222223,0.0019231406005656407
317.0,316.0,8.940777777777777,0.003881740128018062
317.0,719.0,8.940777777777777,0.0018893228737485435
318.0,714.0,11.175972222222223,0.0010607020024804201
318.0,316.0,11.175972222222223,0.0024174314452501916
319.0,316.0,8.940777777777777,0.0021907208967616113
320.0,316.0,11.175972222222223,0.0015108515371816073
321.0,322.0,11.175972222222223,0.0038375736632130504
322.0,746.0,11.175972222222223,0.016741868348001062
323.0,324.0,11.175972222222223,0.0028431308093523375
324.0,855.0,11.175972222222223,0.03784796317854861
325.0,326.0,11.175972222222223,-0.00020182933868289235
325.0,327.0,11.175972222222223,0.0030723639702192372
325.0,328.0,11.175972222222223,0.0043940114430795745
326.0,828.0,11.175972222222223,-0.0029611112940192115
326.0,325.0,11.175972222222223,0.004327362824359608
327.0,684.0,11.175972222222223,0.05143455412343912
328.0,325.0,11.175972222222223,-0.0002580048202479514
328.0,799.0,11.175972222222223,0.02329224449569102
329.0,330.0,11.175972222222223,0.0038754852251968227
329.0,331.0,11.175972222222223,0.00632658150901119
330.0,882.0,11.175972222222223,0.07805911100257179
331.0,795.0,11.175972222222223,0.04315565587708497
332.0,333.0,11.175972222222223,-0.0004817255625575732
332.0,334.0,11.175972222222223,0.004867317502253141
333.0,854.0,11.175972222222223,-0.001409571190036673
334.0,880.0,11.175972222222223,0.06229999666939873
335.0,336.0,8.940777777777777,0.0016055728048895534
335.0,337.0,11.175972222222223,0.0007402624596778975
336.0,544.0,8.940777777777777,0.022724016261253303
336.0,335.0,8.940777777777777,0.0002317459656395754
337.0,537.0,11.175972222222223,0.0035428378687770976
338.0,339.0,8.940777777777777,0.0018283449873221379
338.0,340.0,8.940777777777777,0.0009456981145607885
338.0,341.0,8.940777777777777,0.0007800270438045276
338.0,342.0,8.940777777777777,0.0012237669312083392
339.0,719.0,8.940777777777777,0.019189062251369304
339.0,338.0,8.940777777777777,0.0012612193186771674
340.0,338.0,8.940777777777777,0.0030406680556287155
340.0,840.0,8.940777777777777,-0.024277459552625506
341.0,675.0,8.940777777777777,0.002537659921830191
341.0,338.0,8.940777777777777,0.0025905696217935676
342.0,338.0,8.940777777777777,0.0022153843125093955
342.0,847.0,8.940777777777777,0.006148712450740505
343.0,344.0,11.175972222222223,-0.00042223418999681934
343.0,345.0,11.175972222222223,0.0038353516449655626
343.0,346.0,11.175972222222223,0.00011686846933346907
343.0,347.0,11.175972222222223,0.002990396938814606
344.0,343.0,11.175972222222223,0.004850356652989422
344.0,408.0,11.175972222222223,-0.015936959904797474
345.0,632.0,11.175972222222223,0.03788890827751489
345.0,343.0,11.175972222222223,0.00015918625576287872
346.0,343.0,11.175972222222223,0.0031535350029886964
346.0,800.0,11.175972222222223,0.00018978810458314093
347.0,790.0,11.175972222222223,0.035948873844103266
347.0,343.0,11.175972222222223,0.0006048911199558163
348.0,349.0,11.175972222222223,0.004620524648527748
348.0,350.0,11.175972222222223,0.005854860505975084
348.0,351.0,11.175972222222223,0.0005226435674737895
349.0,353.0,11.175972222222223,0.15041453010833006
349.0,348.0,11.175972222222223,3.4948560446645565e-05
350.0,785.0,11.175972222222223,0.04036822000852181
351.0,348.0,11.175972222222223,0.002854850874901544
351.0,806.0,11.175972222222223,-0.00040329604824866606
352.0,353.0,11.175972222222223,-0.0018232369853880758
352.0,354.0,11.175972222222223,0.006491841808734257
352.0,355.0,11.175972222222223,-0.0016855384820553736
353.0,352.0,11.175972222222223,0.00777002575353253
353.0,349.0,11.175972222222223,-0.06611289140560937
354.0,805.0,11.175972222222223,0.009633215332222719
354.0,352.0,11.175972222222223,-0.0010688896341916468
355.0,852.0,11.175972222222223,-0.002207083285044349
356.0,307.0,11.175972222222223,0.14687606195936037
356.0,215.0,11.175972222222223,-0.003283795889487813
357.0,909.0,11.175972222222223,-0.0028081030045531254
358.0,359.0,11.175972222222223,0.0024292272628974538
358.0,360.0,8.940777777777777,0.0007449764278986624
358.0,361.0,11.175972222222223,0.0014879986313673
358.0,362.0,8.940777777777777,0.0014300867714798905
359.0,358.0,11.175972222222223,0.0005649275699993004
359.0,391.0,11.175972222222223,0.02690965883677742
360.0,846.0,8.940777777777777,0.0025674860966163828
360.0,358.0,8.940777777777777,0.0035245077667674946
361.0,388.0,11.175972222222223,0.001338564784423758
361.0,358.0,11.175972222222223,0.001896294024833824
362.0,358.0,8.940777777777777,0.0021609432098145635
362.0,720.0,8.940777777777777,0.009319174325801824
363.0,364.0,11.175972222222223,-0.00030598740207264874
363.0,365.0,8.940777777777777,0.0042869404339362285
363.0,366.0,11.175972222222223,-0.001453646661185338
364.0,582.0,11.175972222222223,-0.002407146951287806
365.0,682.0,8.940777777777777,0.001280112111062708
365.0,363.0,8.940777777777777,0.000623117319781964
366.0,363.0,11.175972222222223,0.0075436884151027506
366.0,643.0,11.175972222222223,-0.0014950517611675787
367.0,368.0,11.175972222222223,-0.0012410473441855756
368.0,496.0,11.175972222222223,-0.0011557593300684412
369.0,16.0,8.940777777777777,0.05392682376186075
369.0,370.0,8.940777777777777,9.255698490702654e-05
370.0,369.0,8.940777777777777,0.0012267821826193873
370.0,620.0,8.940777777777777,0.00015777976654823524
371.0,367.0,11.175972222222223,-0.000571633023814251
372.0,88.0,8.940777777777777,0.003922953195357789
372.0,373.0,8.940777777777777,0.00013658784351754875
372.0,374.0,8.940777777777777,0.00042612736394785156
373.0,372.0,8.940777777777777,0.004225143194646769
373.0,397.0,8.940777777777777,0.0016922446541405944
374.0,867.0,8.940777777777777,0.00023012155606986308
375.0,376.0,11.175972222222223,-0.08047819688323181
375.0,377.0,11.175972222222223,0.0049004504630428885
376.0,375.0,11.175972222222223,0.17611100473593388
376.0,433.0,11.175972222222223,0.065153622384473
377.0,802.0,11.175972222222223,0.006877935509551398
377.0,375.0,11.175972222222223,0.0016379571501203207
378.0,379.0,11.175972222222223,0.0021152719244535356
379.0,579.0,11.175972222222223,0.0017611427310505927
380.0,138.0,8.940777777777777,0.04309057895854499
380.0,82.0,8.940777777777777,-0.014611892748197842
381.0,83.0,8.940777777777777,0.036527927568395756
381.0,131.0,8.940777777777777,-0.01445303646619919
382.0,239.0,8.940777777777777,-0.05754951461947015
383.0,240.0,8.940777777777777,0.08122281298022717
383.0,234.0,8.940777777777777,-0.03606365781022498
384.0,132.0,8.940777777777777,0.042046768152047664
384.0,385.0,8.940777777777777,-0.003605056202496597
385.0,384.0,8.940777777777777,0.011294962373199862
385.0,128.0,8.940777777777777,-0.009792922808661118
386.0,302.0,8.940777777777777,0.021389658777583948
386.0,297.0,8.940777777777777,-0.00021226181148751967
387.0,388.0,11.175972222222223,0.007181737037561974
387.0,24.0,11.175972222222223,0.005279666948995819
388.0,361.0,11.175972222222223,0.0020681355599021485
388.0,387.0,11.175972222222223,0.004275531997309616
389.0,390.0,8.940777777777777,0.007200541977748743
389.0,28.0,8.940777777777777,0.0033056717061975983
390.0,298.0,8.940777777777777,0.007324260440770644
390.0,389.0,8.940777777777777,0.0015175325480555136
391.0,359.0,11.175972222222223,-0.003931985922952985
391.0,392.0,11.175972222222223,0.014621869343513104
392.0,391.0,11.175972222222223,-0.0029449545634406527
392.0,315.0,11.175972222222223,0.011701220681980748
393.0,60.0,11.175972222222223,0.0012293034896854963
393.0,55.0,11.175972222222223,-0.003936872182159265
394.0,395.0,11.175972222222223,0.0018273985091384615
394.0,396.0,11.175972222222223,0.00040177315898043316
395.0,876.0,11.175972222222223,0.010199820989287485
395.0,394.0,11.175972222222223,0.000625552245320067
396.0,611.0,11.175972222222223,0.00196184845554943
396.0,394.0,11.175972222222223,0.001621984235576366
396.0,560.0,11.175972222222223,0.006349346949150483
397.0,373.0,8.940777777777777,0.016529821421422307
397.0,231.0,8.940777777777777,0.004393302942284051
398.0,399.0,11.175972222222223,0.006260612953219606
399.0,78.0,11.175972222222223,0.0038096113466717235
400.0,401.0,11.175972222222223,0.0005078106924193795
401.0,926.0,11.175972222222223,0.002054976856992245
402.0,403.0,11.175972222222223,0.0061986973997375065
402.0,62.0,11.175972222222223,-0.005365940856234193
403.0,67.0,11.175972222222223,0.009327176934115059
403.0,402.0,11.175972222222223,-0.0017528448724304171
404.0,405.0,8.940777777777777,0.0017897170666338414
404.0,406.0,8.940777777777777,0.0015012040199361937
405.0,76.0,8.940777777777777,0.011551574919857307
405.0,404.0,8.940777777777777,0.0002987488907985245
406.0,404.0,8.940777777777777,0.0028864541428864866
406.0,89.0,8.940777777777777,0.0008666993676039685
407.0,408.0,11.175972222222223,0.01088432463989984
407.0,409.0,11.175972222222223,-0.021718376845057907
408.0,344.0,11.175972222222223,0.0424823829306134
408.0,407.0,11.175972222222223,-0.004270090954612075
409.0,407.0,11.175972222222223,0.05633626538008853
409.0,272.0,11.175972222222223,0.0004239783061823924
410.0,411.0,11.175972222222223,0.05258070650316593
411.0,631.0,11.175972222222223,0.00412226304479087
412.0,413.0,11.175972222222223,0.03818059670654822
413.0,275.0,11.175972222222223,0.004684379529025397
414.0,415.0,11.175972222222223,-0.024879866188280014
415.0,177.0,11.175972222222223,0.0014872154641499449
416.0,417.0,8.940777777777777,-0.021835406114922323
417.0,169.0,8.940777777777777,0.002613500469801911
418.0,71.0,11.175972222222223,0.0731599441806061
418.0,419.0,11.175972222222223,-0.05687193952774583
419.0,418.0,11.175972222222223,0.11088344995200841
419.0,829.0,11.175972222222223,-0.004809505499338944
420.0,421.0,11.175972222222223,0.005906713577950783
420.0,422.0,11.175972222222223,0.0003929796760410186
421.0,426.0,11.175972222222223,0.0026752255761077898
421.0,427.0,11.175972222222223,0.0954022250970124
421.0,420.0,11.175972222222223,0.0029947744489476095
422.0,764.0,11.175972222222223,0.010708635890236741
422.0,420.0,11.175972222222223,0.005282584095130912
423.0,424.0,11.175972222222223,-0.04950129732280425
423.0,425.0,11.175972222222223,0.01366639342200043
424.0,423.0,11.175972222222223,0.10052800050891383
424.0,451.0,11.175972222222223,0.00011362315335903408
425.0,643.0,11.175972222222223,0.019716627182303763
425.0,423.0,11.175972222222223,-0.0025342002238594574
426.0,581.0,11.175972222222223,0.0006779520765859886
426.0,421.0,11.175972222222223,-0.000379512665968151
427.0,829.0,11.175972222222223,0.00809096965964175
427.0,421.0,11.175972222222223,-0.04838989052341782
428.0,429.0,8.940777777777777,0.01914514374858727
428.0,430.0,8.940777777777777,-0.007155320520340254
429.0,679.0,8.940777777777777,0.01977851577293292
429.0,428.0,8.940777777777777,-0.006833247450402471
430.0,428.0,8.940777777777777,0.020515794758909925
430.0,113.0,8.940777777777777,-0.009767358844749429
431.0,432.0,8.940777777777777,-0.008656170285266582
432.0,114.0,8.940777777777777,0.0009921220524768833
433.0,376.0,11.175972222222223,-0.024338928068226486
433.0,72.0,11.175972222222223,-0.030017448865602685
434.0,238.0,11.175972222222223,-0.002845378052423803
434.0,435.0,11.175972222222223,0.06155065623024453
435.0,434.0,11.175972222222223,-0.024926768835142298
435.0,70.0,11.175972222222223,0.034843933421785905
436.0,437.0,11.175972222222223,-0.0012538626937455735
437.0,233.0,11.175972222222223,-0.0006905842165651249
438.0,439.0,11.175972222222223,-0.019214340923928406
438.0,241.0,11.175972222222223,0.01731786338649112
439.0,440.0,11.175972222222223,-0.018195262341393747
439.0,438.0,11.175972222222223,0.043379715753300054
440.0,441.0,11.175972222222223,-0.021662760189280546
440.0,439.0,11.175972222222223,0.0404814457202143
441.0,134.0,11.175972222222223,-0.00032850639153551327
441.0,440.0,11.175972222222223,0.048890453272639564
442.0,127.0,11.175972222222223,-0.0017509696340230608
442.0,443.0,11.175972222222223,0.009049151142988814
443.0,442.0,11.175972222222223,-0.0023727036261563905
443.0,680.0,11.175972222222223,0.005884919268685898
444.0,445.0,11.175972222222223,0.04624329160504338
445.0,12.0,11.175972222222223,0.005271218759342129
446.0,114.0,11.175972222222223,0.0015820426888374637
447.0,109.0,11.175972222222223,0.004026487849607357
448.0,449.0,8.940777777777777,-0.0014867776394613334
449.0,892.0,8.940777777777777,-0.0028165078141060723
450.0,533.0,11.175972222222223,0.005562893694230549
451.0,424.0,11.175972222222223,0.0004629457783756348
451.0,452.0,11.175972222222223,0.000311390173290542
452.0,451.0,11.175972222222223,0.000311390173290542
452.0,453.0,11.175972222222223,-2.8136581395377113e-05
453.0,452.0,11.175972222222223,0.0006460627404351026
453.0,581.0,11.175972222222223,-0.00022903845110892692
454.0,455.0,8.940777777777777,-0.02085493330653848
455.0,454.0,8.940777777777777,0.056248431146218206
455.0,697.0,8.940777777777777,9.008185496866102e-05
456.0,166.0,8.940777777777777,0.037472286609714966
456.0,457.0,8.940777777777777,-0.004509712073733544
457.0,456.0,8.940777777777777,0.016808206218955984
457.0,701.0,8.940777777777777,-0.006264370369753458
458.0,459.0,11.175972222222223,0.002715522868167324
458.0,460.0,11.175972222222223,0.003414960201467987
459.0,108.0,11.175972222222223,0.001870948546874477
459.0,458.0,11.175972222222223,0.0006374669740098284
460.0,458.0,11.175972222222223,0.004476175749064187
460.0,46.0,11.175972222222223,0.0002737251352202837
461.0,555.0,8.940777777777777,0.001623094094400318
461.0,140.0,8.940777777777777,0.0007885679036870928
462.0,463.0,11.175972222222223,-0.0003002210150903902
463.0,464.0,11.175972222222223,0.00029433367767611713
464.0,765.0,11.175972222222223,0.0028827836697083854
465.0,466.0,26.822333333333336,0.00045252437868582726
465.0,9.0,26.822333333333336,0.005855369583053984
466.0,465.0,26.822333333333336,0.05927190506733938
466.0,467.0,26.822333333333336,-0.004046941020951338
466.0,468.0,12.980012408347434,0.024986917785064285
467.0,469.0,26.822333333333336,-0.0008099422003071779
467.0,466.0,26.822333333333336,0.0877929931910907
468.0,466.0,12.980012408347434,0.008688856969936092
468.0,531.0,12.980012408347434,0.004476905117128491
469.0,471.0,26.822333333333336,0.002200128887882253
469.0,467.0,26.822333333333336,0.016480182766123848
470.0,471.0,26.822333333333336,0.01785818659153674
471.0,470.0,26.822333333333336,0.0013651308513155285
471.0,469.0,26.822333333333336,0.010286329496474783
472.0,473.0,11.175972222222223,0.055571326927906416
473.0,446.0,11.175972222222223,0.0005282618663521899
474.0,475.0,11.175972222222223,0.011158945116963486
475.0,779.0,11.175972222222223,0.0006039727804945647
476.0,477.0,8.940777777777777,0.002264084999257981
476.0,158.0,8.940777777777777,0.0031954307461196842
477.0,163.0,8.940777777777777,0.01243121027550015
477.0,476.0,8.940777777777777,0.0005094815723246052
478.0,479.0,11.175972222222223,0.007217912816077493
479.0,482.0,11.175972222222223,0.0052463283544871234
480.0,481.0,11.175972222222223,0.012508378712947858
481.0,478.0,11.175972222222223,0.012533383578860323
482.0,335.0,11.175972222222223,0.0033299100521012644
483.0,484.0,11.175972222222223,0.02455752677928101
484.0,895.0,11.175972222222223,0.018345542229619153
485.0,295.0,8.940777777777777,0.08489004884641639
485.0,289.0,8.940777777777777,-0.034067451483046955
486.0,487.0,11.175972222222223,-0.0015245806284857036
486.0,488.0,11.175972222222223,0.005274423295075586
487.0,623.0,11.175972222222223,-0.0016426182286298308
487.0,486.0,11.175972222222223,0.005173295058564209
488.0,486.0,11.175972222222223,-0.0015805837116760553
488.0,625.0,11.175972222222223,0.005041102102704331
489.0,490.0,11.175972222222223,-0.020728903503203198
490.0,74.0,11.175972222222223,-0.017156131918208615
491.0,492.0,8.940777777777777,0.0007200814229466442
492.0,830.0,11.175972222222223,0.009834066305235022
492.0,68.0,11.175972222222223,-0.0005954346362101473
493.0,494.0,11.175972222222223,0.00929769328478664
494.0,495.0,11.175972222222223,0.0026219404964656708
495.0,595.0,11.175972222222223,0.0025767566073587383
496.0,497.0,11.175972222222223,-0.003703794650461881
497.0,674.0,11.175972222222223,-0.0030968045655311526
498.0,499.0,11.175972222222223,0.000524632187847524
498.0,500.0,11.175972222222223,0.010506566323494457
499.0,498.0,11.175972222222223,0.003233655716650814
499.0,723.0,11.175972222222223,0.0010743404124450074
500.0,498.0,11.175972222222223,-9.594574979141123e-05
500.0,766.0,11.175972222222223,0.0022116232044298977
501.0,502.0,12.980012408347434,0.006376287945248443
501.0,503.0,12.980012408347434,-0.0015171836740596521
502.0,524.0,12.980012408347434,0.00473181275551879
502.0,501.0,12.980012408347434,-0.00020457037597127899
503.0,501.0,12.980012408347434,0.00709303845990361
503.0,540.0,12.980012408347434,-0.0016851235808759517
504.0,505.0,12.980012408347434,-0.003063209812215281
504.0,506.0,12.980012408347434,0.024539068598337127
504.0,507.0,12.980012408347434,-0.007414238481142457
505.0,504.0,12.980012408347434,0.010064955234153678
505.0,535.0,12.980012408347434,-0.0030895478831036733
506.0,541.0,12.980012408347434,0.011534717725243117
506.0,504.0,12.980012408347434,-0.010037299529132378
507.0,520.0,12.980012408347434,-0.009150887041472393
507.0,504.0,12.980012408347434,0.019115775267576563
508.0,509.0,12.980012408347434,0.008801296020790612
508.0,510.0,12.980012408347434,-0.0036154337261933753
509.0,535.0,12.980012408347434,0.00895408190675793
509.0,508.0,12.980012408347434,-0.0026071833676017055
510.0,508.0,12.980012408347434,0.01201180036685509
510.0,522.0,12.980012408347434,-0.00567417124965853
511.0,512.0,11.175972222222223,0.0013786175292458162
511.0,513.0,8.940777777777777,0.00012945686054040086
512.0,86.0,11.175972222222223,0.0010707286096788868
513.0,836.0,8.940777777777777,-0.0002837661425298892
514.0,188.0,11.175972222222223,-0.0018899902408537194
515.0,516.0,11.175972222222223,0.003854779366796208
515.0,517.0,11.175972222222223,-0.000806949096308861
515.0,518.0,8.940777777777777,0.0014809701714590786
515.0,519.0,8.940777777777777,0.0007663743130235374
516.0,924.0,11.175972222222223,0.009369248341043532
516.0,515.0,11.175972222222223,0.0003593697094106853
517.0,515.0,11.175972222222223,0.005539274768097114
517.0,825.0,11.175972222222223,-0.0033305291799810045
518.0,515.0,8.940777777777777,0.0018352087482895124
519.0,515.0,8.940777777777777,0.003955680627184344
519.0,923.0,8.940777777777777,-0.005393194432882311
520.0,521.0,12.980012408347434,-0.01795840004466046
520.0,507.0,12.980012408347434,0.02278835803838524
521.0,662.0,12.980012408347434,-0.0004697598725442825
521.0,520.0,12.980012408347434,0.03728896508889993
522.0,510.0,12.980012408347434,0.017731663467216916
522.0,523.0,12.980012408347434,0.0008030971748417542
523.0,522.0,12.980012408347434,0.0008030971748417542
523.0,536.0,12.980012408347434,0.003864468667729146
524.0,525.0,12.980012408347434,0.05730047946264655
524.0,502.0,12.980012408347434,-0.0010363734611602412
525.0,526.0,12.980012408347434,0.002342227374677208
525.0,524.0,12.980012408347434,-0.030760075667834674
526.0,527.0,12.980012408347434,-0.0004528197688831836
526.0,525.0,12.980012408347434,0.0015050417613059906
527.0,528.0,12.980012408347434,-0.00045844687437728536
527.0,526.0,12.980012408347434,0.005825043049282262
528.0,529.0,12.980012408347434,-0.005681574860673811
528.0,527.0,12.980012408347434,0.005696701222526168
529.0,530.0,12.980012408347434,-0.007645670288199891
529.0,528.0,12.980012408347434,0.0140243955343122
530.0,531.0,12.980012408347434,-0.00159366804530373
530.0,529.0,12.980012408347434,0.018664406055841222
531.0,468.0,12.980012408347434,-0.0008125192609046018
531.0,530.0,12.980012408347434,0.006227295867936845
532.0,585.0,11.175972222222223,-0.0021158032351068427
533.0,534.0,11.175972222222223,-0.00017323691844491556
534.0,584.0,11.175972222222223,-0.002119841045807315
535.0,505.0,12.980012408347434,0.010059589484896842
535.0,509.0,12.980012408347434,-0.0029718192325392727
536.0,523.0,12.980012408347434,-0.0003976222000311921
536.0,185.0,12.980012408347434,0.004343915802100186
537.0,483.0,11.175972222222223,0.003369052145791941
538.0,539.0,11.175972222222223,0.0005304125789474545
539.0,716.0,11.175972222222223,0.0005137666050392167
540.0,503.0,12.980012408347434,0.008869393669315976
540.0,541.0,12.980012408347434,-0.001643205930173342
541.0,540.0,12.980012408347434,0.008624445421440887
541.0,506.0,12.980012408347434,-0.0027849422583097992
542.0,538.0,11.175972222222223,0.0003822788067082137
543.0,309.0,8.940777777777777,0.03397027113937153
543.0,544.0,8.940777777777777,-0.0030576437785735365
544.0,543.0,8.940777777777777,0.011706070536417456
544.0,336.0,8.940777777777777,-0.005241899238076651
545.0,546.0,11.175972222222223,0.004586499227174086
545.0,254.0,11.175972222222223,-0.0004199933380413976
546.0,258.0,11.175972222222223,0.012056284439340412
546.0,545.0,11.175972222222223,0.0003688318657156059
547.0,548.0,8.940777777777777,0.06503156972324797
547.0,312.0,8.940777777777777,-0.027543987581956534
548.0,39.0,8.940777777777777,0.009550073661227626
548.0,547.0,8.940777777777777,-0.027471819056487375
549.0,550.0,11.175972222222223,-0.0001327722664151868
550.0,603.0,11.175972222222223,0.00020031780859848926
551.0,552.0,11.175972222222223,0.0024324496684979616
552.0,608.0,11.175972222222223,0.0021130080872686047
553.0,551.0,11.175972222222223,0.0007900694430614076
554.0,549.0,11.175972222222223,0.0009907217268895244
555.0,556.0,8.940777777777777,0.002608035686878373
555.0,461.0,8.940777777777777,0.0006893308988868763
556.0,718.0,8.940777777777777,0.0011210493833862128
556.0,555.0,8.940777777777777,0.0005240517040520109
557.0,558.0,11.175972222222223,0.001803378983148577
558.0,656.0,11.175972222222223,0.0022737781481040257
559.0,557.0,11.175972222222223,0.027230447171874606
560.0,396.0,11.175972222222223,0.007111649065825685
560.0,52.0,11.175972222222223,0.00047628914049482575
561.0,826.0,11.175972222222223,0.009553140113742047
562.0,914.0,8.940777777777777,0.008299111324290741
562.0,228.0,8.940777777777777,0.0009948174965893964
563.0,912.0,11.175972222222223,0.012729224473047297
564.0,916.0,8.940777777777777,0.009416642910123327
564.0,117.0,8.940777777777777,0.0010079569430171769
565.0,566.0,11.175972222222223,-0.007530842132063427
566.0,268.0,11.175972222222223,0.000808323410129112
567.0,568.0,11.175972222222223,-0.008181695071254543
567.0,569.0,11.175972222222223,0.02504462067985835
568.0,567.0,11.175972222222223,0.02544644504739018
568.0,259.0,11.175972222222223,-0.005207676158308763
569.0,42.0,11.175972222222223,0.014145247187071977
569.0,567.0,11.175972222222223,-0.008141879303278766
570.0,571.0,11.175972222222223,0.0021131072937879544
571.0,578.0,11.175972222222223,0.0017354393228774057
572.0,573.0,11.175972222222223,0.00542312175102787
573.0,706.0,11.175972222222223,0.00666615458201722
574.0,575.0,11.175972222222223,0.0017128615212021626
575.0,570.0,11.175972222222223,0.0019461615089074657
576.0,572.0,11.175972222222223,0.002276331636081109
577.0,574.0,11.175972222222223,0.01681465523408227
578.0,378.0,11.175972222222223,0.0015133482659117905
579.0,576.0,11.175972222222223,0.0023005892922943103
580.0,64.0,11.175972222222223,0.0015288569170080666
581.0,453.0,11.175972222222223,0.0010802760570188558
581.0,426.0,11.175972222222223,-2.0783425690476602e-06
582.0,583.0,11.175972222222223,-0.000376989942485239
583.0,586.0,11.175972222222223,-0.0006057628180600972
584.0,10.0,11.175972222222223,-0.0034418487291676
585.0,590.0,11.175972222222223,-0.001006779966808485
586.0,587.0,11.175972222222223,-0.0007936817867140282
587.0,371.0,11.175972222222223,-0.0006056253005475344
588.0,589.0,11.175972222222223,0.0026547383537136016
589.0,592.0,11.175972222222223,0.006055329029889507
590.0,591.0,11.175972222222223,-0.001664714507276963
591.0,597.0,11.175972222222223,-0.002204726732286614
592.0,144.0,11.175972222222223,0.021608615762334638
593.0,594.0,11.175972222222223,-0.002486605847222197
594.0,908.0,11.175972222222223,0.0002776724776971941
595.0,596.0,11.175972222222223,0.0015597181562374228
596.0,588.0,11.175972222222223,0.0029779155918016257
597.0,593.0,11.175972222222223,-0.0015629468959022577
598.0,599.0,11.175972222222223,-0.0011026319810655534
598.0,201.0,11.175972222222223,0.003348378961528009
599.0,626.0,11.175972222222223,-0.001593102704415413
599.0,598.0,11.175972222222223,0.004437639169236991
600.0,601.0,11.175972222222223,-0.00037744417471892997
601.0,604.0,11.175972222222223,-0.00011339355366198008
602.0,514.0,11.175972222222223,-0.006818788389303857
603.0,600.0,11.175972222222223,-8.211565307828664e-05
604.0,605.0,11.175972222222223,-0.00016320303660047027
605.0,607.0,11.175972222222223,-0.0002250099961260766
606.0,610.0,11.175972222222223,0.0004406813932284193
607.0,602.0,11.175972222222223,-0.0001000511251059415
608.0,609.0,11.175972222222223,0.05510166967602605
609.0,223.0,11.175972222222223,0.002538005161073958
610.0,554.0,11.175972222222223,8.153939268024755e-05
611.0,612.0,11.175972222222223,0.000605192541932227
611.0,396.0,11.175972222222223,0.0020883203824624405
612.0,615.0,11.175972222222223,0.0006860901095109021
612.0,611.0,11.175972222222223,4.561523815441684e-05
613.0,614.0,11.175972222222223,0.0005029547223368781
613.0,615.0,11.175972222222223,0.00026154899728850423
614.0,619.0,11.175972222222223,0.0011959438883737024
614.0,613.0,11.175972222222223,0.0001231559962247447
615.0,613.0,11.175972222222223,0.0006614491931683783
615.0,612.0,11.175972222222223,4.501938804662268e-06
616.0,617.0,11.175972222222223,0.007891106715697784
616.0,618.0,11.175972222222223,-0.006356363266569969
617.0,273.0,11.175972222222223,0.02128391779624361
617.0,616.0,11.175972222222223,-0.0019785885081258217
618.0,616.0,11.175972222222223,0.02968423969537842
618.0,619.0,11.175972222222223,0.00017202729609534963
619.0,618.0,11.175972222222223,0.00017202729609534963
619.0,614.0,11.175972222222223,-0.00017633780018956697
620.0,370.0,8.940777777777777,0.0009940209997270969
620.0,91.0,8.940777777777777,0.00019849930603691373
621.0,622.0,8.940777777777777,0.007463727227149399
622.0,923.0,8.940777777777777,0.0049972906175166565
622.0,621.0,8.940777777777777,-0.002338842339967647
623.0,624.0,11.175972222222223,-0.002148210283220361
623.0,487.0,11.175972222222223,0.005378180927298895
624.0,623.0,11.175972222222223,0.006261788850783116
625.0,488.0,11.175972222222223,-0.0014476981476670987
625.0,626.0,11.175972222222223,0.005232750117879482
626.0,625.0,11.175972222222223,-0.0015578190402700902
626.0,599.0,11.175972222222223,0.005295550201163942
627.0,159.0,8.940777777777777,0.021508588520444908
627.0,628.0,8.940777777777777,-0.0007853277720429606
628.0,627.0,8.940777777777777,0.01761178577013677
628.0,31.0,8.940777777777777,-8.98842925705467e-05
629.0,630.0,11.175972222222223,0.06296573859936543
630.0,886.0,11.175972222222223,0.002273730934057509
631.0,632.0,11.175972222222223,0.0003784478439191333
631.0,633.0,11.175972222222223,0.0036332506977708122
631.0,634.0,11.175972222222223,0.0016788824260198934
632.0,631.0,11.175972222222223,0.0021518243194413437
632.0,345.0,11.175972222222223,-0.000903290262934734
633.0,702.0,11.175972222222223,0.01962608718547282
633.0,631.0,11.175972222222223,7.125479837732949e-05
634.0,890.0,11.175972222222223,0.08383749226372784
635.0,783.0,11.175972222222223,-0.001120447850314683
636.0,278.0,11.175972222222223,0.004638925908180208
637.0,638.0,11.175972222222223,0.04901712965541758
638.0,689.0,11.175972222222223,0.04846594538710271
639.0,278.0,11.175972222222223,0.0006476800262569776
640.0,124.0,8.940777777777777,0.008618557816370553
640.0,119.0,8.940777777777777,0.010918331351192105
641.0,642.0,11.175972222222223,-0.02738200321239628
642.0,262.0,11.175972222222223,0.000717983382473541
643.0,425.0,11.175972222222223,-0.004241870982500115
643.0,366.0,11.175972222222223,0.006946956938095671
644.0,103.0,8.940777777777777,0.0722541743453123
644.0,99.0,8.940777777777777,-0.030526131546450744
645.0,646.0,11.175972222222223,0.06251711960410519
646.0,869.0,11.175972222222223,0.002435112721701288
647.0,648.0,11.175972222222223,0.008055467918955289
648.0,879.0,11.175972222222223,0.0067303078257546865
649.0,650.0,11.175972222222223,-0.004937928024165745
650.0,887.0,11.175972222222223,-0.003697052320865908
651.0,723.0,11.175972222222223,0.0001912426019673419
651.0,66.0,11.175972222222223,0.001260056371619532
652.0,121.0,8.940777777777777,0.00029274912745948575
653.0,78.0,11.175972222222223,0.00026989570811157386
654.0,676.0,11.175972222222223,0.02241782932907366
655.0,431.0,8.940777777777777,-0.006840522452519396
656.0,206.0,11.175972222222223,0.0019202655104631336
657.0,412.0,11.175972222222223,0.035728872152354464
658.0,105.0,8.940777777777777,0.09987374549726455
658.0,659.0,8.940777777777777,-0.005806457148941842
659.0,658.0,8.940777777777777,0.012629934667518305
659.0,101.0,8.940777777777777,-0.03428103083430784
660.0,661.0,11.175972222222223,0.03508362440535598
661.0,288.0,11.175972222222223,0.00679396798505852
662.0,285.0,12.980012408347434,-0.0004699835098210259
662.0,521.0,12.980012408347434,0.006506385177113781
663.0,664.0,11.175972222222223,0.0031705307947726127
663.0,665.0,11.175972222222223,0.00539175891801336
664.0,663.0,11.175972222222223,0.014698036527605611
664.0,925.0,11.175972222222223,-0.000566108122433137
665.0,17.0,11.175972222222223,0.008862109468028411
665.0,663.0,11.175972222222223,0.0008963490798874043
666.0,667.0,11.175972222222223,0.008815488648791371
666.0,668.0,11.175972222222223,8.920989903349086e-05
667.0,666.0,11.175972222222223,0.0021355433116416996
667.0,19.0,11.175972222222223,0.004472857985135275
668.0,666.0,11.175972222222223,8.920989903349086e-05
668.0,95.0,11.175972222222223,0.0030694295953827334
669.0,34.0,11.175972222222223,0.001402969314340181
669.0,26.0,11.175972222222223,0.019003605337657565
670.0,671.0,11.175972222222223,-0.0014481665426762675
670.0,672.0,11.175972222222223,0.012034512198535529
671.0,673.0,11.175972222222223,-0.0008841068533900574
671.0,670.0,11.175972222222223,0.009082790593484723
672.0,670.0,11.175972222222223,-0.001636627375174789
672.0,33.0,11.175972222222223,0.009176535987790158
673.0,37.0,11.175972222222223,-0.0013849436522347998
673.0,671.0,11.175972222222223,0.006198982531517134
674.0,436.0,11.175972222222223,-0.006725463392490404
675.0,341.0,8.940777777777777,0.01807054234747553
676.0,677.0,11.175972222222223,0.010677371914825427
677.0,678.0,11.175972222222223,0.00418533052897121
678.0,447.0,11.175972222222223,0.000762492187068204
679.0,236.0,8.940777777777777,0.008373151798381464
679.0,429.0,8.940777777777777,-0.006860833832273432
680.0,443.0,11.175972222222223,-0.0014798912973287932
680.0,681.0,11.175972222222223,0.00010465546089568756
681.0,680.0,11.175972222222223,0.00010465546089568756
681.0,763.0,11.175972222222223,0.031425318801925645
682.0,365.0,8.940777777777777,0.014085150025825104
683.0,171.0,11.175972222222223,0.00404182262166248
683.0,211.0,11.175972222222223,0.013512213734056712
684.0,629.0,11.175972222222223,0.015587670047040994
685.0,686.0,11.175972222222223,-0.017894553565025034
686.0,812.0,11.175972222222223,-0.0022013808791786684
687.0,688.0,8.940777777777777,-0.01689784056459992
687.0,179.0,8.940777777777777,0.05252971436394617
688.0,707.0,8.940777777777777,-0.0015824995874866238
688.0,687.0,8.940777777777777,0.04532784264692993
689.0,325.0,11.175972222222223,0.003765508969055445
690.0,94.0,8.940777777777777,-0.0023418831763814363
691.0,136.0,8.940777777777777,0.01890226390960567
692.0,693.0,8.940777777777777,0.002313362420196088
692.0,54.0,8.940777777777777,0.012057163218268295
693.0,230.0,8.940777777777777,0.0005522696670039853
693.0,692.0,8.940777777777777,0.005100803453941029
694.0,738.0,11.175972222222223,-0.0017780090329629075
694.0,257.0,11.175972222222223,0.024214740814206704
695.0,696.0,11.175972222222223,0.0002552180428578434
696.0,697.0,11.175972222222223,0.0020068725215715375
697.0,455.0,8.940777777777777,0.003229305601904942
697.0,698.0,11.175972222222223,0.0006493097952954114
698.0,780.0,11.175972222222223,0.0002099254542773419
699.0,700.0,11.175972222222223,0.0008347970262896257
699.0,701.0,8.940777777777777,0.0016955853798670292
700.0,712.0,11.175972222222223,0.01323235002815016
701.0,457.0,8.940777777777777,0.022576308060308123
701.0,699.0,8.940777777777777,0.0006129788378500883
702.0,703.0,11.175972222222223,0.013249569325592597
702.0,633.0,11.175972222222223,-0.0011586065068153611
703.0,180.0,11.175972222222223,0.008869462716445384
703.0,702.0,11.175972222222223,-0.001350095299121177
704.0,192.0,11.175972222222223,0.0027498045027467798
704.0,705.0,11.175972222222223,0.010039869238752388
705.0,704.0,11.175972222222223,0.009347929349463562
705.0,263.0,11.175972222222223,0.0026907407889408983
706.0,580.0,11.175972222222223,0.0007495096968489846
707.0,174.0,8.940777777777777,0.00045403303800906194
707.0,688.0,8.940777777777777,0.004966291838128133
708.0,709.0,11.175972222222223,0.0006039551479714676
709.0,313.0,11.175972222222223,0.006348026659350624
710.0,711.0,11.175972222222223,0.0028417060317433634
711.0,162.0,11.175972222222223,0.0019510387156258914
712.0,713.0,11.175972222222223,0.0044893071395103986
713.0,710.0,11.175972222222223,0.00029400112473765446
713.0,714.0,11.175972222222223,0.003164506398182223
714.0,318.0,11.175972222222223,0.0053266576343879305
714.0,713.0,11.175972222222223,0.0005651892200465602
715.0,122.0,11.175972222222223,0.0018401697595260475
716.0,717.0,11.175972222222223,0.00164271618642592
717.0,50.0,11.175972222222223,0.0013947516140214624
718.0,49.0,8.940777777777777,0.00793628325109575
718.0,556.0,8.940777777777777,-5.610368432722838e-05
719.0,317.0,8.940777777777777,0.01160848576458075
719.0,339.0,8.940777777777777,0.003220863422962105
720.0,362.0,8.940777777777777,0.0025382811340517817
720.0,721.0,8.940777777777777,0.00474733367078231
721.0,722.0,8.940777777777777,0.002292356858634079
721.0,720.0,8.940777777777777,0.0008500464614103892
722.0,721.0,8.940777777777777,0.0006766391178011762
722.0,93.0,8.940777777777777,0.009582310864831132
723.0,499.0,11.175972222222223,0.0023249841843851695
723.0,651.0,11.175972222222223,0.0005914306642123422
724.0,725.0,8.940777777777777,0.002208399183632932
724.0,261.0,8.940777777777777,0.0013692343067880435
725.0,724.0,8.940777777777777,0.004963512817204691
725.0,726.0,8.940777777777777,0.0020511139928013596
726.0,725.0,8.940777777777777,0.006932285706543029
726.0,310.0,8.940777777777777,0.0026529409944876753
727.0,21.0,11.175972222222223,0.07096562433980932
727.0,728.0,11.175972222222223,-0.012782674064823241
728.0,727.0,11.175972222222223,0.02986363766131899
728.0,807.0,11.175972222222223,-0.013069342347146035
729.0,29.0,8.940777777777777,0.08723390716889622
729.0,294.0,8.940777777777777,-0.030476127291319505
730.0,731.0,11.175972222222223,0.0002061055945355804
730.0,22.0,11.175972222222223,0.012327194628346458
731.0,922.0,11.175972222222223,0.0008416991176020531
731.0,730.0,11.175972222222223,0.003625198011240457
732.0,733.0,11.175972222222223,0.006254830015992521
733.0,859.0,11.175972222222223,0.024370763193379927
734.0,735.0,11.175972222222223,0.005433476629616705
735.0,797.0,11.175972222222223,0.006013766061478119
736.0,737.0,11.175972222222223,-0.005997193636924768
737.0,881.0,11.175972222222223,-0.023448069469869395
738.0,205.0,11.175972222222223,-0.002471519403452319
738.0,694.0,11.175972222222223,0.008532438303346683
739.0,740.0,11.175972222222223,0.024420034878921637
740.0,204.0,11.175972222222223,0.0028831656809645153
741.0,44.0,11.175972222222223,0.0036326524028405228
741.0,742.0,11.175972222222223,-0.003886796889508968
742.0,741.0,11.175972222222223,0.013362492066113492
743.0,744.0,11.175972222222223,-0.0010514117856956892
744.0,896.0,11.175972222222223,-0.009885458726610721
745.0,444.0,11.175972222222223,0.021757413673283987
746.0,747.0,11.175972222222223,0.0032043108365889597
747.0,748.0,11.175972222222223,0.0038079383364479197
748.0,749.0,11.175972222222223,0.030383917420681344
749.0,323.0,11.175972222222223,0.004548529430537659
750.0,751.0,8.940777777777777,0.014379342947848511
750.0,752.0,8.940777777777777,-0.0018780036851025058
751.0,111.0,8.940777777777777,0.01040397290779154
751.0,750.0,8.940777777777777,-0.004909213667290562
752.0,750.0,8.940777777777777,0.006062068432252914
752.0,77.0,8.940777777777777,-0.010475901306013705
753.0,472.0,11.175972222222223,-0.01680502290469756
754.0,755.0,11.175972222222223,-2.1270434932149643e-05
754.0,756.0,11.175972222222223,0.0016643458223549801
755.0,754.0,11.175972222222223,0.0006539968514292185
755.0,792.0,11.175972222222223,0.0024534464083298315
756.0,753.0,11.175972222222223,0.033668671983090086
757.0,75.0,11.175972222222223,0.015019269345602496
757.0,758.0,11.175972222222223,0.0013274763117884505
758.0,792.0,11.175972222222223,0.0011092124905316607
758.0,757.0,11.175972222222223,0.006991840862035045
759.0,137.0,8.940777777777777,-0.0038366026714110285
760.0,12.0,11.175972222222223,-0.0025368997239978994
761.0,762.0,11.175972222222223,0.028967976139170497
761.0,43.0,11.175972222222223,-0.008076486030343532
762.0,761.0,11.175972222222223,-0.010868644471127722
763.0,681.0,11.175972222222223,-0.00785049020959221
763.0,235.0,11.175972222222223,0.006434507441987668
764.0,422.0,11.175972222222223,-0.0012517447460843433
764.0,830.0,11.175972222222223,0.002232164566894944
765.0,868.0,11.175972222222223,0.000463792915953846
766.0,801.0,11.175972222222223,0.0058491962200942086
766.0,500.0,11.175972222222223,7.846013475204152e-05
767.0,768.0,11.175972222222223,-0.00011411184150089312
768.0,271.0,11.175972222222223,0.0015177849374464702
769.0,770.0,11.175972222222223,-0.004981636082877119
769.0,216.0,11.175972222222223,0.06686234439505225
770.0,769.0,11.175972222222223,0.012661331449215964
770.0,805.0,11.175972222222223,-0.012177367250925046
771.0,772.0,11.175972222222223,-0.00042950362374254137
772.0,819.0,11.175972222222223,-0.0005540756384854227
773.0,774.0,11.175972222222223,-0.0023984066543357276
774.0,217.0,11.175972222222223,0.0006344576658011059
775.0,776.0,11.175972222222223,-0.0019682890932336667
776.0,184.0,11.175972222222223,-0.0003168772124870616
777.0,708.0,11.175972222222223,0.011614089699112155
778.0,777.0,11.175972222222223,0.01989358830921184
779.0,301.0,11.175972222222223,0.001729813366242418
780.0,921.0,11.175972222222223,0.005963516862231139
781.0,782.0,11.175972222222223,-0.0005617980192426695
782.0,861.0,11.175972222222223,-1.8912420182496925e-05
783.0,173.0,11.175972222222223,0.0007327056387213872
784.0,639.0,11.175972222222223,0.000850404233028653
785.0,786.0,11.175972222222223,0.009908248285593264
786.0,281.0,11.175972222222223,0.005250101344474081
787.0,788.0,11.175972222222223,0.008807140119124634
788.0,195.0,11.175972222222223,0.0019662006932266956
789.0,787.0,11.175972222222223,0.004344149628960074
790.0,791.0,11.175972222222223,0.008495158813350919
790.0,347.0,11.175972222222223,-0.011918145449619895
791.0,806.0,11.175972222222223,0.04164872069997102
791.0,790.0,11.175972222222223,-0.0029878801837031864
792.0,755.0,11.175972222222223,0.0009426037635791324
792.0,758.0,11.175972222222223,0.005646935978870656
793.0,794.0,11.175972222222223,-0.0016283437268909229
794.0,100.0,11.175972222222223,-0.00027266668924858217
795.0,796.0,11.175972222222223,0.006574000234466573
796.0,248.0,11.175972222222223,0.003902935735194729
797.0,348.0,11.175972222222223,0.008692508140156666
798.0,799.0,11.175972222222223,-0.0007183963977540873
798.0,247.0,11.175972222222223,0.008745589272749467
799.0,328.0,11.175972222222223,-0.0019425388950573223
799.0,798.0,11.175972222222223,0.01000562583161748
800.0,346.0,11.175972222222223,0.006360181916432899
800.0,801.0,11.175972222222223,-0.0001547732286606057
801.0,800.0,11.175972222222223,0.023450074012039895
801.0,766.0,11.175972222222223,0.00011219592062952185
802.0,816.0,11.175972222222223,0.006027967045873621
802.0,377.0,11.175972222222223,0.0010428006553915305
803.0,804.0,11.175972222222223,0.007433242491750872
804.0,147.0,11.175972222222223,0.025825651362507772
805.0,770.0,11.175972222222223,0.029790370545305648
805.0,354.0,11.175972222222223,-0.003201464213697595
806.0,351.0,11.175972222222223,0.00295776675729892
806.0,791.0,11.175972222222223,-0.013466829192287208
807.0,728.0,11.175972222222223,0.03117126048539445
807.0,306.0,11.175972222222223,-0.0018717846237339025
808.0,809.0,11.175972222222223,-0.0026484921209142336
808.0,18.0,11.175972222222223,0.005892490507861146
809.0,23.0,11.175972222222223,-0.0025202600158497294
809.0,808.0,11.175972222222223,0.018123205097919166
810.0,811.0,11.175972222222223,0.010638510665330747
811.0,226.0,11.175972222222223,0.0013008348194584079
812.0,851.0,11.175972222222223,0.00027538067479011716
813.0,84.0,11.175972222222223,0.05013031765762283
814.0,647.0,11.175972222222223,0.023855075092525012
815.0,641.0,11.175972222222223,-0.01263143975241396
816.0,838.0,11.175972222222223,0.028296839618426172
816.0,802.0,11.175972222222223,-0.00016118351273919105
817.0,818.0,11.175972222222223,0.01654508728533777
818.0,251.0,11.175972222222223,0.0035939721026594026
819.0,284.0,11.175972222222223,-0.0008724807245260735
820.0,474.0,11.175972222222223,0.004071229249490904
821.0,822.0,11.175972222222223,-0.029594581572420904
822.0,248.0,11.175972222222223,0.0010907546300686038
823.0,97.0,11.175972222222223,0.005821211860315434
824.0,81.0,8.940777777777777,0.02305184107789152
825.0,517.0,11.175972222222223,0.010565101659562533
826.0,827.0,11.175972222222223,0.00772386627642581
827.0,52.0,11.175972222222223,0.00107075846945951
828.0,178.0,11.175972222222223,-1.4027283203042085e-05
828.0,326.0,11.175972222222223,0.03708400744690569
829.0,427.0,11.175972222222223,-0.002900191889278502
829.0,419.0,11.175972222222223,0.05197727936644541
830.0,764.0,11.175972222222223,-0.0006892031212053747
830.0,492.0,11.175972222222223,-0.0017005052172263438
831.0,493.0,11.175972222222223,0.003915365622293538
832.0,831.0,11.175972222222223,0.011303571601293704
833.0,142.0,8.940777777777777,-0.0006063799634493858
834.0,732.0,11.175972222222223,0.01192396027216485
835.0,372.0,8.940777777777777,0.00016666661336719207
836.0,837.0,8.940777777777777,0.00018437706288053536
837.0,835.0,8.940777777777777,0.00021341737486469504
838.0,816.0,11.175972222222223,-0.0011043171415259553
839.0,129.0,11.175972222222223,0.005185062155567039
840.0,340.0,8.940777777777777,0.07746200393330945
840.0,38.0,8.940777777777777,-0.002534303102564936
841.0,32.0,8.940777777777777,0.001886926070856445
841.0,842.0,8.940777777777777,-0.004251188645509881
842.0,841.0,8.940777777777777,0.010098343069588036
842.0,848.0,8.940777777777777,-0.023294241414146002
843.0,844.0,8.940777777777777,0.01546074294789094
843.0,299.0,8.940777777777777,0.0011936654678542556
844.0,161.0,8.940777777777777,0.0012523347956117752
844.0,843.0,8.940777777777777,0.010037506203371203
845.0,300.0,8.940777777777777,0.0012619487147788552
845.0,846.0,8.940777777777777,0.014791673212329989
846.0,360.0,8.940777777777777,0.0031691643341892122
846.0,845.0,8.940777777777777,0.007051696960201303
847.0,342.0,8.940777777777777,0.024676272703140704
847.0,160.0,8.940777777777777,0.0006443468110057075
848.0,842.0,8.940777777777777,0.054403542562111544
848.0,849.0,8.940777777777777,-0.036389505061498725
849.0,156.0,8.940777777777777,-0.001380395486003565
849.0,848.0,8.940777777777777,0.08402899428332382
850.0,410.0,11.175972222222223,0.053723611892922636
851.0,242.0,11.175972222222223,0.0006354821744311102
852.0,853.0,11.175972222222223,-0.0050312061607641016
853.0,793.0,11.175972222222223,-0.005141003277558968
854.0,775.0,11.175972222222223,-0.0018524233153422941
855.0,856.0,11.175972222222223,0.015848703088992167
856.0,268.0,11.175972222222223,0.005548794708831849
857.0,332.0,11.175972222222223,-0.0002666872924032242
858.0,832.0,11.175972222222223,0.012232548559694337
859.0,181.0,11.175972222222223,0.0065278937313460895
860.0,511.0,11.175972222222223,0.0023416176001836
861.0,275.0,11.175972222222223,0.0005458387332754146
862.0,863.0,11.175972222222223,0.0003090147745184475
863.0,265.0,11.175972222222223,0.0018301422416920163
864.0,865.0,11.175972222222223,-0.009974727413987071
865.0,181.0,11.175972222222223,0.0008312058246561965
866.0,400.0,11.175972222222223,0.001194374469113235
867.0,927.0,8.940777777777777,0.000807894824827565
868.0,57.0,11.175972222222223,0.0013923854478285773
869.0,195.0,11.175972222222223,0.001517547175793691
870.0,815.0,11.175972222222223,-0.012365262719685903
871.0,167.0,8.940777777777777,0.012547172095552356
872.0,873.0,11.175972222222223,-0.02123952712533063
873.0,184.0,11.175972222222223,2.146524461887253e-05
874.0,872.0,11.175972222222223,-0.006804782847777829
875.0,773.0,11.175972222222223,-0.0022799018032829093
876.0,395.0,11.175972222222223,0.0022839422083322856
876.0,56.0,11.175972222222223,0.0015486307179593132
877.0,905.0,11.175972222222223,-0.06120963485519959
0.0,878.0,11.175972222222223,-0.002286133971373067
878.0,352.0,11.175972222222223,-0.0003825351355113662
879.0,904.0,11.175972222222223,0.03024809010608193
880.0,220.0,11.175972222222223,0.058371372496255125
881.0,251.0,11.175972222222223,-0.0031725224769146164
882.0,883.0,11.175972222222223,0.0533936586650925
883.0,332.0,11.175972222222223,0.0037103683066596702
884.0,281.0,11.175972222222223,0.0030216952449198197
885.0,414.0,11.175972222222223,-0.023305823294694297
886.0,329.0,11.175972222222223,0.0026044574821497703
887.0,265.0,11.175972222222223,0.0013229149987162125
888.0,889.0,11.175972222222223,0.05530483332454971
889.0,284.0,11.175972222222223,0.005531543465627841
890.0,891.0,11.175972222222223,0.021530606071233502
891.0,884.0,11.175972222222223,0.002763712051391771
892.0,491.0,8.940777777777777,-0.00020025339067718777
893.0,894.0,11.175972222222223,0.0007266031873022715
894.0,214.0,11.175972222222223,0.001767768126675965
895.0,3.0,11.175972222222223,0.0026203307854932825
896.0,4.0,11.175972222222223,-0.0007676394549955022
897.0,898.0,11.175972222222223,0.01314016177324071
898.0,198.0,11.175972222222223,0.0068075136204131005
899.0,900.0,11.175972222222223,-0.003405135014403447
900.0,857.0,11.175972222222223,-0.00032466803939158674
901.0,902.0,11.175972222222223,0.015460362294656903
902.0,329.0,11.175972222222223,0.005483490825442294
903.0,321.0,11.175972222222223,-0.0008311345931018598
904.0,198.0,11.175972222222223,0.004069358803258639
905.0,244.0,11.175972222222223,0.0020865808038152897
906.0,363.0,11.175972222222223,-0.0004045394226406356
907.0,217.0,11.175972222222223,0.005637341978915077
908.0,69.0,11.175972222222223,0.003279918305903997
909.0,910.0,11.175972222222223,-0.003974268122658183
910.0,288.0,11.175972222222223,0.0008035411899731458
911.0,920.0,11.175972222222223,0.00013095929460208198
912.0,228.0,11.175972222222223,0.002637876278257013
913.0,116.0,11.175972222222223,0.0014383901299590196
914.0,915.0,8.940777777777777,0.0002231348203491588
914.0,562.0,8.940777777777777,0.007362995776202919
915.0,914.0,8.940777777777777,0.00028978339411730634
915.0,232.0,8.940777777777777,0.008320643501235223
916.0,917.0,8.940777777777777,0.0004477559314854252
916.0,564.0,8.940777777777777,0.006620034536501323
917.0,120.0,8.940777777777777,0.01142865945498773
917.0,916.0,8.940777777777777,9.748097832153512e-05
918.0,652.0,8.940777777777777,0.0022398339563709404
919.0,653.0,11.175972222222223,0.001751000554625424
920.0,893.0,11.175972222222223,0.0005554628363901654
921.0,699.0,11.175972222222223,0.002121984940251159
922.0,27.0,11.175972222222223,0.0009644427058556277
922.0,731.0,11.175972222222223,0.006555217279783515
923.0,519.0,8.940777777777777,0.056884187841753385
923.0,622.0,8.940777777777777,-0.0010347548912564505
924.0,925.0,11.175972222222223,0.040614109819311545
924.0,516.0,11.175972222222223,-0.001750099415101221
925.0,664.0,11.175972222222223,0.008722963786655836
925.0,924.0,11.175972222222223,-0.008811345333107375
926.0,919.0,11.175972222222223,0.002170573896770417
927.0,928.0,8.940777777777777,0.006457072905908265
928.0,918.0,8.940777777777777,0.00039470946863652014
929.0,545.0,11.175972222222223,0.0008870791325118106
